work,metrical_shape,sedes,x,z
Argon.,,2,138,-0.0392055458020221
Argon.,,2.5,86,-0.685347218692177
Argon.,,3,287,+1.81223886305631
Argon.,,4,143,+0.0229234612066467
Argon.,,4.5,20,-1.5054501112066
Argon.,,5,74,-0.834456835512982
Argon.,,6,32,-1.3563404943858
Argon.,,6.5,62,-0.983566452333787
Argon.,,7,108,-0.411979587854034
Argon.,,8,130,-0.138611957015892
Argon.,,8.5,1,-1.74154033783955
Argon.,,9,38,-1.2817856859754
Argon.,,10,123,-0.225592566828028
Argon.,,10.5,82,-0.735050424299112
Argon.,,11,68,-0.909011643923384
Argon.,–,1,772,+1.07481756480406
Argon.,–,2,39,-1.56033408905351
Argon.,–,3,307,-0.596868000057836
Argon.,–,4,132,-1.22599697608113
Argon.,–,5,17,-1.63942458889644
Argon.,–,6,104,-1.32665761224486
Argon.,–,7,24,-1.6142594298555
Argon.,–,8,12,-1.6573997024971
Argon.,–,9,330,-0.514182477494775
Argon.,–,10,1,-1.69694495241856
Argon.,–,11,1,-1.69694495241856
Argon.,–,12,16,-1.64301961161657
Argon.,––,1,646,-0.545534678548446
Argon.,––,2,161,-1.41964760530878
Argon.,––,3,69,-1.58545871718909
Argon.,––,4,318,-1.13668733829564
Argon.,––,5,4,-1.70260787232191
Argon.,––,6,438,-0.920411974973495
Argon.,––,7,11,-1.68999180946146
Argon.,––,8,37,-1.64313214740833
Argon.,––,9,2,-1.70621246171062
Argon.,––,10,1,-1.70801475640497
Argon.,––,11,1515,+1.02065941084274
Argon.,–––,1,814,+0.643729293425152
Argon.,–––,2,1,-2.58465042055602
Argon.,–––,3,311,-1.35365692568005
Argon.,–––,4,1,-2.58465042055602
Argon.,–––,7,23,-2.4972895918874
Argon.,–––,10,16,-2.52508621919105
Argon.,––––,1,7,-5.75595722757209
Argon.,––––,2,4,-5.79454017839292
Argon.,––––,4,1,-5.83312312921375
Argon.,––––,6,2,-5.82026214560681
Argon.,––––,9,468,+0.17295621522864
Argon.,–––––,1,1,
Argon.,–––––,8,1,
Argon.,–––––⏑,1,3,
Argon.,––––⏑,2,5,+0.632455532033676
Argon.,––––⏑,6,2,-1.58113883008419
Argon.,–––⏑,1,49,-1.82703661543166
Argon.,–––⏑,3,280,+0.523806369103114
Argon.,–––⏑,7,28,-2.04074961402573
Argon.,–––⏑⏑,1,8,
Argon.,–––⏑⏑–,1,5,+0.447213595499958
Argon.,–––⏑⏑–,3,1,-2.23606797749979
Argon.,–––⏑⏑–⏑,1,2,
Argon.,––⏑,2,18,-2.61027187573757
Argon.,––⏑,4,991,+0.52843180772347
Argon.,––⏑,8,261,-1.82640240494514
Argon.,––⏑⏑,2,1,-2.76325120148623
Argon.,––⏑⏑,4,1,-2.76325120148623
Argon.,––⏑⏑,6,339,+0.531166950329477
Argon.,––⏑⏑,8,94,-1.85679886977362
Argon.,––⏑⏑–,2,11,+0.521387245906701
Argon.,––⏑⏑–,4,1,-2.0855489836268
Argon.,––⏑⏑–,6,2,-1.82485536067345
Argon.,––⏑⏑––,8,4,
Argon.,––⏑⏑––––,6,2,
Argon.,––⏑⏑–⏑,2,2,-1.58113883008419
Argon.,––⏑⏑–⏑,6,5,+0.632455532033676
Argon.,––⏑⏑–⏑⏑,4,1,-1.4142135623731
Argon.,––⏑⏑–⏑⏑,6,2,+0.707106781186547
Argon.,–⏑,1,1235,+0.839719437775687
Argon.,–⏑,3,186,-2.76825061143383
Argon.,–⏑,5,673,-1.0932444970725
Argon.,–⏑,9,1050,+0.203423480574772
Argon.,–⏑⏑,1,1171,+0.807007019850831
Argon.,–⏑⏑,3,188,-2.33761182364552
Argon.,–⏑⏑,5,1,-2.93582517434116
Argon.,–⏑⏑,7,468,-1.44189129853974
Argon.,–⏑⏑,9,974,+0.17680365040141
Argon.,–⏑⏑–,1,999,+0.722599943604986
Argon.,–⏑⏑–,3,536,-1.05104174393517
Argon.,–⏑⏑–,5,5,-3.08517508320909
Argon.,–⏑⏑–,7,38,-2.95876001692653
Argon.,–⏑⏑–,9,10,-3.06602128528749
Argon.,–⏑⏑––,1,9,-8.96859498920984
Argon.,–⏑⏑––,5,1,-9.05973657976232
Argon.,–⏑⏑––,9,806,+0.111385969581452
Argon.,–⏑⏑–––,1,21,
Argon.,–⏑⏑–––⏑,1,17,+0.342997170285018
Argon.,–⏑⏑–––⏑,5,2,-2.91547594742265
Argon.,–⏑⏑–⏑,1,44,-1.99420791827495
Argon.,–⏑⏑–⏑,3,334,+0.495456408870198
Argon.,–⏑⏑–⏑,7,38,-2.04571821469864
Argon.,–⏑⏑–⏑⏑,1,6,-0.625768136387432
Argon.,–⏑⏑–⏑⏑,5,9,+1.08087223557829
Argon.,–⏑⏑–⏑⏑,7,5,-1.19464826037601
Argon.,–⏑⏑–⏑⏑–,1,19,+0.324442842261525
Argon.,–⏑⏑–⏑⏑–,5,2,-3.08220700148449
Argon.,–⏑⏑–⏑⏑–⏑,1,6,
Argon.,⏑,2,89,-0.778671918138061
Argon.,⏑,2.5,152,-0.167950888939453
Argon.,⏑,4,48,-1.17612528634668
Argon.,⏑,4.5,8,-1.56388466996484
Argon.,⏑,6,75,-0.914387702404419
Argon.,⏑,6.5,290,+1.16981898454321
Argon.,⏑,8,7,-1.5735786545553
Argon.,⏑,8.5,1,-1.63174256209802
Argon.,⏑,10,43,-1.22459520929895
Argon.,⏑,10.5,31,-1.3409230243844
Argon.,⏑–,2.5,469,-1.09116948319657
Argon.,⏑–,4.5,116,-2.15830635400952
Argon.,⏑–,6.5,1067,+0.716614790871828
Argon.,⏑–,10.5,1,-2.50595717594575
Argon.,⏑––,2.5,13,-6.50463127093596
Argon.,⏑––,4.5,2,-6.53803570810165
Argon.,⏑––,6.5,38,-6.4287120955594
Argon.,⏑––,10.5,2206,+0.154998793095932
Argon.,⏑–––,2.5,190,-0.688610486084632
Argon.,⏑–––,4.5,1,-14.4535371777817
Argon.,⏑–––,6.5,209,+0.695165213080677
Argon.,⏑–––⏑,2.5,126,-1.45296631451356
Argon.,⏑–––⏑,6.5,266,+0.688247201611685
Argon.,⏑–––⏑⏑,6.5,21,
Argon.,⏑–⏑,2.5,24,-3.11174886104097
Argon.,⏑–⏑,4.5,256,+0.318578319061888
Argon.,⏑–⏑,8.5,2,-3.43703850743003
Argon.,⏑–⏑⏑,2.5,30,-6.08887792886333
Argon.,⏑–⏑⏑,6.5,1267,+0.16381021343292
Argon.,⏑–⏑⏑,8.5,4,-6.2203006384023
Argon.,⏑–⏑⏑–,2.5,248,-1.07318210232805
Argon.,⏑–⏑⏑–,4.5,1,-7.39662276232125
Argon.,⏑–⏑⏑–,6.5,323,+0.846890972568664
Argon.,⏑–⏑⏑–⏑,2.5,72,-1.43372087784044
Argon.,⏑–⏑⏑–⏑,6.5,148,+0.697485832462916
Argon.,⏑–⏑⏑–⏑⏑,6.5,11,
Argon.,⏑⏑,2,204,-1.123804312782
Argon.,⏑⏑,4,232,-1.05437005131647
Argon.,⏑⏑,6,231,-1.05684984636881
Argon.,⏑⏑,8,1023,+0.907147835084756
Argon.,⏑⏑,10,176,-1.19323857424753
Argon.,⏑⏑–,2,153,-1.77053037948966
Argon.,⏑⏑–,4,392,-0.191951478762122
Argon.,⏑⏑–,6,546,+0.825208147648092
Argon.,⏑⏑–,8,38,-2.53009763297781
Argon.,⏑⏑–,10,3,-2.76127027534377
Argon.,⏑⏑––,2,2,-12.4144778941626
Argon.,⏑⏑––,4,1,-12.4307262789537
Argon.,⏑⏑––,6,2,-12.4144778941626
Argon.,⏑⏑––,10,771,+0.0805300101888502
Argon.,⏑⏑–––,2,10,+0.447213595499958
Argon.,⏑⏑–––,6,2,-2.23606797749979
Argon.,⏑⏑––––,8,19,
Argon.,⏑⏑–––––⏑⏑,2,1,
Argon.,⏑⏑–––⏑,2,9,+0.333333333333334
Argon.,⏑⏑–––⏑,6,1,-3
Argon.,⏑⏑–––⏑⏑,6,1,
Argon.,⏑⏑–⏑,2,15,-3.17082463276542
Argon.,⏑⏑–⏑,4,783,+0.701002963056915
Argon.,⏑⏑–⏑,8,387,-1.29540814103897
Argon.,⏑⏑–⏑⏑,2,8,-2.86951175328615
Argon.,⏑⏑–⏑⏑,6,466,+0.649073369778128
Argon.,⏑⏑–⏑⏑,8,193,-1.44824920357678
Argon.,⏑⏑–⏑⏑–,2,32,+0.395284707521047
Argon.,⏑⏑–⏑⏑–,6,5,-2.5298221281347
Argon.,⏑⏑–⏑⏑––,8,10,
Argon.,⏑⏑–⏑⏑–––,2,1,
Argon.,⏑⏑–⏑⏑–⏑,2,6,+0.912870929175276
Argon.,⏑⏑–⏑⏑–⏑,6,5,-1.09544511501033
Argon.,⏑⏑–⏑⏑–⏑⏑,4,1,
Argon.,⏑⏑–⏑⏑–⏑⏑,6,1,
Callim.Hymn,,1,1,-1.92133964636662
Callim.Hymn,,2,19,-0.253891310412732
Callim.Hymn,,2.5,12,-0.902343441061466
Callim.Hymn,,3,24,+0.209288782907793
Callim.Hymn,,4,20,-0.161255291748627
Callim.Hymn,,4.5,4,-1.64343159037431
Callim.Hymn,,5,3,-1.73606760903841
Callim.Hymn,,6,2,-1.82870362770252
Callim.Hymn,,6.5,2,-1.82870362770252
Callim.Hymn,,7,30,+0.765104894892422
Callim.Hymn,,8,37,+1.41355702554116
Callim.Hymn,,9,6,-1.4581595530461
Callim.Hymn,,10,12,-0.902343441061466
Callim.Hymn,,10.5,8,-1.27288751571789
Callim.Hymn,,11,9,-1.18025149705378
Callim.Hymn,–,1,108,+1.09833444153409
Callim.Hymn,–,2,5,-1.49412792649118
Callim.Hymn,–,3,44,-0.512515961899089
Callim.Hymn,–,4,21,-1.09141532563289
Callim.Hymn,–,5,1,-1.59480607670575
Callim.Hymn,–,6,11,-1.34311070116932
Callim.Hymn,–,7,7,-1.44378885138389
Callim.Hymn,–,8,2,-1.56963653915211
Callim.Hymn,–,9,43,-0.537685499452732
Callim.Hymn,–,11,1,-1.59480607670575
Callim.Hymn,–,12,8,-1.41861931383025
Callim.Hymn,––,1,66,-1.33868922443853
Callim.Hymn,––,2,25,-1.633618070231
Callim.Hymn,––,3,1,-1.80625934581684
Callim.Hymn,––,4,40,-1.52571727298986
Callim.Hymn,––,6,21,-1.66239161616198
Callim.Hymn,––,7,1,-1.80625934581684
Callim.Hymn,––,9,1,-1.80625934581684
Callim.Hymn,––,11,345,+0.668265604246853
Callim.Hymn,–––,1,135,+0.673677470710402
Callim.Hymn,–––,3,58,-1.2532603169828
Callim.Hymn,–––,4,1,-2.67969478319725
Callim.Hymn,–––,7,5,-2.57959411890149
Callim.Hymn,–––,10,1,-2.67969478319725
Callim.Hymn,––––,9,56,
Callim.Hymn,–––––,1,3,
Callim.Hymn,––––⏑,2,2,
Callim.Hymn,––––⏑⏑,6,2,
Callim.Hymn,–––⏑,1,4,-2.41526934555148
Callim.Hymn,–––⏑,3,76,+0.458068324156316
Callim.Hymn,–––⏑,7,12,-2.09600960447284
Callim.Hymn,–––⏑⏑,3,1,-1.4142135623731
Callim.Hymn,–––⏑⏑,7,2,+0.707106781186547
Callim.Hymn,––⏑,2,3,-2.6497743290534
Callim.Hymn,––⏑,4,177,+0.485816646131646
Callim.Hymn,––⏑,8,39,-2.00103136867029
Callim.Hymn,––⏑⏑,6,42,+0.938590635448904
Callim.Hymn,––⏑⏑,8,37,-1.06542720780687
Callim.Hymn,––⏑⏑–,2,2,
Callim.Hymn,––⏑⏑––,8,2,
Callim.Hymn,––⏑⏑–⏑,2,1,
Callim.Hymn,––⏑⏑–⏑⏑,6,2,
Callim.Hymn,–⏑,1,206,+0.445687105503838
Callim.Hymn,–⏑,3,26,-2.66638794357357
Callim.Hymn,–⏑,5,86,-1.6290295938811
Callim.Hymn,–⏑,7,1,-3.09862058927876
Callim.Hymn,–⏑,9,213,+0.566712246301292
Callim.Hymn,–⏑⏑,1,223,+0.472560272915576
Callim.Hymn,–⏑⏑,3,16,-2.99319526367824
Callim.Hymn,–⏑⏑,7,75,-2.00537122184715
Callim.Hymn,–⏑⏑,9,220,+0.422331931805521
Callim.Hymn,–⏑⏑–,1,182,+0.615302598571197
Callim.Hymn,–⏑⏑–,3,63,-1.4617144812789
Callim.Hymn,–⏑⏑–,7,3,-2.50894998372433
Callim.Hymn,–⏑⏑–,9,5,-2.47404213364282
Callim.Hymn,–⏑⏑––,9,61,
Callim.Hymn,–⏑⏑–––,1,4,
Callim.Hymn,–⏑⏑–––⏑,1,2,
Callim.Hymn,–⏑⏑–⏑,3,50,+0.2
Callim.Hymn,–⏑⏑–⏑,7,2,-5
Callim.Hymn,–⏑⏑–⏑⏑,1,1,
Callim.Hymn,–⏑⏑–⏑⏑,5,1,
Callim.Hymn,–⏑⏑–⏑⏑,7,1,
Callim.Hymn,–⏑⏑–⏑⏑–,1,4,
Callim.Hymn,–⏑⏑–⏑⏑–⏑,1,1,
Callim.Hymn,⏑,2,6,-1.25214537619568
Callim.Hymn,⏑,2.5,23,-0.613101203228162
Callim.Hymn,⏑,4,16,-0.876237039155965
Callim.Hymn,⏑,6,10,-1.1017820413798
Callim.Hymn,⏑,6.5,67,+1.0408954797466
Callim.Hymn,⏑,8,1,-1.44009954471554
Callim.Hymn,⏑,8.5,1,-1.44009954471554
Callim.Hymn,⏑,10,7,-1.21455454249171
Callim.Hymn,⏑,10.5,11,-1.06419120767582
Callim.Hymn,⏑–,2.5,92,-1.27147003665087
Callim.Hymn,⏑–,4.5,8,-2.6214598913831
Callim.Hymn,⏑–,6.5,213,+0.673158206475323
Callim.Hymn,⏑–,10.5,2,-2.71788773814969
Callim.Hymn,⏑––,4.5,1,-11.4941975353859
Callim.Hymn,⏑––,6.5,2,-11.4648032551666
Callim.Hymn,⏑––,10.5,395,+0.0871488710018199
Callim.Hymn,⏑–––,2.5,28,+0.534522483824849
Callim.Hymn,⏑–––,6.5,8,-1.87082869338697
Callim.Hymn,⏑––––,6.5,1,
Callim.Hymn,⏑–––⏑,2.5,31,-1.51338117493418
Callim.Hymn,⏑–––⏑,6.5,71,+0.660772062295206
Callim.Hymn,⏑–––⏑⏑,6.5,6,
Callim.Hymn,⏑–⏑,2.5,2,-3.23528530768067
Callim.Hymn,⏑–⏑,4.5,43,+0.304972947799541
Callim.Hymn,⏑–⏑,6.5,1,-3.32163307000946
Callim.Hymn,⏑–⏑,8.5,1,-3.32163307000946
Callim.Hymn,⏑–⏑⏑,6.5,251,+0.0631194403097804
Callim.Hymn,⏑–⏑⏑,8.5,1,-15.8429795177549
Callim.Hymn,⏑–⏑⏑–,2.5,23,-1.10335456873474
Callim.Hymn,⏑–⏑⏑–,6.5,28,+0.906326967174965
Callim.Hymn,⏑–⏑⏑–⏑,2.5,12,-1.08012344973464
Callim.Hymn,⏑–⏑⏑–⏑,6.5,14,+0.925820099772552
Callim.Hymn,⏑–⏑⏑–⏑⏑,2.5,1,-2
Callim.Hymn,⏑–⏑⏑–⏑⏑,6.5,4,+0.5
Callim.Hymn,⏑⏑,2,18,-1.44526741609028
Callim.Hymn,⏑⏑,4,49,-0.961575476284495
Callim.Hymn,⏑⏑,6,27,-1.3048407238886
Callim.Hymn,⏑⏑,8,163,+0.817162624936782
Callim.Hymn,⏑⏑,10,17,-1.46087038189047
Callim.Hymn,⏑⏑–,2,30,-1.20241323920964
Callim.Hymn,⏑⏑–,4,30,-1.20241323920964
Callim.Hymn,⏑⏑–,6,98,+0.797286007770028
Callim.Hymn,⏑⏑–,8,3,-1.99641146962804
Callim.Hymn,⏑⏑––,6,1,-8.06225774829855
Callim.Hymn,⏑⏑––,10,65,+0.124034734589208
Callim.Hymn,⏑⏑–––,2,5,
Callim.Hymn,⏑⏑––––,8,6,
Callim.Hymn,⏑⏑–––⏑,2,2,+0.707106781186547
Callim.Hymn,⏑⏑–––⏑,6,1,-1.4142135623731
Callim.Hymn,⏑⏑–⏑,2,1,-2.75381323030831
Callim.Hymn,⏑⏑–⏑,4,173,+0.520374309277766
Callim.Hymn,⏑⏑–⏑,8,46,-1.89719439727707
Callim.Hymn,⏑⏑–⏑⏑,6,61,+0.819836049183606
Callim.Hymn,⏑⏑–⏑⏑,8,41,-1.21975607317561
Callim.Hymn,⏑⏑–⏑⏑–,2,8,+0.353553390593274
Callim.Hymn,⏑⏑–⏑⏑–,4,1,-2.82842712474619
Callim.Hymn,⏑⏑–⏑⏑–⏑,6,1,
Dion.,,2,42,-1.83842274128983
Dion.,,2.5,14,-2.02221337687273
Dion.,,3,455,+0.872489133557867
Dion.,,4,380,+0.380192788246542
Dion.,,6,5,-2.08128893831008
Dion.,,6.5,2,-2.10098079212254
Dion.,,7,13,-2.02877732814354
Dion.,,8,190,-0.866957953208816
Dion.,,9,10,-2.048469181956
Dion.,,10,78,-1.60212049554039
Dion.,,10.5,10,-2.048469181956
Dion.,,11,34,-1.89093435145637
Dion.,–,1,924,+0.970430268588771
Dion.,–,2,6,-1.59726634187302
Dion.,–,3,274,-0.847655566705529
Dion.,–,4,41,-1.49936941228025
Dion.,–,6,48,-1.4797900263617
Dion.,–,7,9,-1.58887517647936
Dion.,–,8,38,-1.50776057767392
Dion.,–,9,249,-0.917581944986079
Dion.,–,12,227,-0.979117157872963
Dion.,––,1,1319,-2.40285216660765
Dion.,––,2,32,-2.89765064517636
Dion.,––,3,8,-2.90687765643172
Dion.,––,4,33,-2.89726618637406
Dion.,––,5,8,-2.90687765643172
Dion.,––,6,10,-2.90610873882711
Dion.,––,7,1,-2.90956886804787
Dion.,––,8,16,-2.90380198601327
Dion.,––,9,13,-2.90495536242019
Dion.,––,11,8630,+0.40792613705659
Dion.,–––,1,1477,+0.58347921717705
Dion.,–––,3,479,-1.62208934338172
Dion.,–––,4,3,-2.67404388729552
Dion.,–––,6,3,-2.67404388729552
Dion.,–––,7,20,-2.63647408215574
Dion.,–––,8,3,-2.67404388729552
Dion.,–––,10,3,-2.67404388729552
Dion.,––––,6,1,-1.97484176581315
Dion.,––––,8,3,-1.31656117720877
Dion.,––––,9,9,+0.658280588604383
Dion.,–––––,1,1,
Dion.,––––⏑,6,4,
Dion.,–––⏑,1,139,-3.04066846592883
Dion.,–––⏑,3,1878,+0.323802440344931
Dion.,–––⏑,7,58,-3.19738045178747
Dion.,–––⏑⏑,1,3,-1.19926936588583
Dion.,–––⏑⏑,3,1,-1.95670264960319
Dion.,–––⏑⏑,7,8,+0.694313843407583
Dion.,–––⏑⏑–,1,3,
Dion.,–––⏑⏑–⏑,1,4,
Dion.,––⏑,2,6,-3.04344213881657
Dion.,––⏑,4,2661,+0.637711651114194
Dion.,––⏑,8,1080,-1.55434263961294
Dion.,––⏑⏑,2,1,-3.42231446415253
Dion.,––⏑⏑,6,549,-1.43059277256724
Dion.,––⏑⏑,8,1134,+0.695606478486392
Dion.,––⏑⏑–,4,1,-1.87082869338697
Dion.,––⏑⏑–,6,7,+0.534522483824849
Dion.,––⏑⏑–,8,1,-1.87082869338697
Dion.,––⏑⏑–⏑,2,1,-3.16227766016838
Dion.,––⏑⏑–⏑,6,10,+0.316227766016838
Dion.,–⏑,1,3952,+0.904896456026355
Dion.,–⏑,3,1511,-1.72805607824193
Dion.,–⏑,5,2050,-1.14667081975336
Dion.,–⏑,9,3482,+0.397937139719065
Dion.,–⏑⏑,1,6685,+0.733481664982709
Dion.,–⏑⏑,3,748,-2.44603590775248
Dion.,–⏑⏑,7,910,-2.35927797499467
Dion.,–⏑⏑,9,4967,-0.186580856485887
Dion.,–⏑⏑–,1,6215,+0.492761675674461
Dion.,–⏑⏑–,3,1224,-1.91540103485701
Dion.,–⏑⏑–,7,77,-2.46882973230834
Dion.,–⏑⏑–,9,220,-2.39983208301842
Dion.,–⏑⏑––,9,1940,
Dion.,–⏑⏑–––,1,39,
Dion.,–⏑⏑–––⏑,1,62,
Dion.,–⏑⏑–⏑,1,315,-2.30418611571446
Dion.,–⏑⏑–⏑,3,2355,+0.420323412624091
Dion.,–⏑⏑–⏑,7,102,-2.58865696352628
Dion.,–⏑⏑–⏑⏑,1,19,-1.35724178507659
Dion.,–⏑⏑–⏑⏑,7,35,+0.736788397613007
Dion.,–⏑⏑–⏑⏑–,1,71,
Dion.,–⏑⏑–⏑⏑–⏑,1,30,
Dion.,⏑,2,9,-2.08343243341981
Dion.,⏑,2.5,69,-1.86551819435481
Dion.,⏑,4,49,-1.93815627404314
Dion.,⏑,4.5,6,-2.09432814537306
Dion.,⏑,6,3,-2.10522385732631
Dion.,⏑,6.5,725,+0.517010819422603
Dion.,⏑,8,2,-2.10885576131073
Dion.,⏑,10,6,-2.09432814537306
Dion.,⏑,10.5,50,-1.93452437005873
Dion.,⏑–,2.5,1919,-1.29295063137099
Dion.,⏑–,4.5,233,-2.52798481427888
Dion.,⏑–,6.5,4596,+0.668014082534358
Dion.,⏑––,4.5,2,-35.4789504050906
Dion.,⏑––,6.5,5,-35.4668525710199
Dion.,⏑––,10.5,8807,+0.0281925926723389
Dion.,⏑–––,2.5,367,-1.62574652732742
Dion.,⏑–––,6.5,970,+0.615102036628004
Dion.,⏑––––,6.5,6,
Dion.,⏑–––⏑,2.5,842,-1.62923119884423
Dion.,⏑–––⏑,6.5,2235,+0.613786429273755
Dion.,⏑–––⏑⏑,6.5,244,
Dion.,⏑–⏑,2.5,21,-8.69873713618848
Dion.,⏑–⏑,4.5,1821,+0.114801583235422
Dion.,⏑–⏑,6.5,1,-8.79666534418208
Dion.,⏑–⏑,8.5,2,-8.7917689337824
Dion.,⏑–⏑⏑,2.5,18,-17.1751273777694
Dion.,⏑–⏑⏑,6.5,6199,+0.0582034424987836
Dion.,⏑–⏑⏑,8.5,3,-17.2169490833679
Dion.,⏑–⏑⏑–,2.5,400,-1.8214005600087
Dion.,⏑–⏑⏑–,6.5,1327,+0.549028051246028
Dion.,⏑–⏑⏑–⏑,2.5,325,-1.7426769858247
Dion.,⏑–⏑⏑–⏑,6.5,987,+0.573829807895673
Dion.,⏑–⏑⏑–⏑⏑,6.5,153,
Dion.,⏑⏑,2,399,-1.88504471676827
Dion.,⏑⏑,4,1205,-0.0119009217744272
Dion.,⏑⏑,6,433,-1.80602872541617
Dion.,⏑⏑,8,1673,+1.07573095918974
Dion.,⏑⏑,10,1113,-0.22570889837422
Dion.,⏑⏑–,2,386,-1.72656002093147
Dion.,⏑⏑–,4,927,-0.0646001445084746
Dion.,⏑⏑–,6,1212,+0.810924004808628
Dion.,⏑⏑–,8,97,-2.6143722284846
Dion.,⏑⏑–,10,1,-2.90928562614931
Dion.,⏑⏑––,8,2,-28.6530975637888
Dion.,⏑⏑––,10,1642,+0.0349002406379905
Dion.,⏑⏑–––,2,6,
Dion.,⏑⏑–––⏑,2,16,
Dion.,⏑⏑–⏑,2,21,-2.96730439833263
Dion.,⏑⏑–⏑,4,5382,+0.409396690013782
Dion.,⏑⏑–⏑,6,2,-2.97927181498598
Dion.,⏑⏑–⏑,8,880,-2.42625119279457
Dion.,⏑⏑–⏑⏑,2,9,-4.18633821282355
Dion.,⏑⏑–⏑⏑,6,1501,+0.764724625581575
Dion.,⏑⏑–⏑⏑,8,898,-1.23627463149503
Dion.,⏑⏑–⏑⏑–,2,14,+0.533973536072976
Dion.,⏑⏑–⏑⏑–,4,1,-1.96502261274855
Dion.,⏑⏑–⏑⏑–,6,1,-1.96502261274855
Dion.,⏑⏑–⏑⏑–,8,2,-1.77279213976228
Dion.,⏑⏑–⏑⏑–⏑,2,18,+0.781735959970572
Dion.,⏑⏑–⏑⏑–⏑,6,11,-1.27920429813366
Dion.,⏑⏑–⏑⏑–⏑⏑,6,2,
Hom.Hymn,,2,85,+0.131922180205386
Hom.Hymn,,2.5,35,-0.942103946597628
Hom.Hymn,,3,148,+1.48519509997718
Hom.Hymn,,4,94,+0.325246883029929
Hom.Hymn,,4.5,11,-1.45763648746307
Hom.Hymn,,5,19,-1.28579230717459
Hom.Hymn,,6,10,-1.47911700999914
Hom.Hymn,,6.5,20,-1.26431178463853
Hom.Hymn,,7,54,-0.533974018412482
Hom.Hymn,,8,64,-0.31916879305188
Hom.Hymn,,8.5,4,-1.6080001452155
Hom.Hymn,,9,16,-1.35023387478277
Hom.Hymn,,10,33,-0.985064991669749
Hom.Hymn,,10.5,21,-1.24283126210247
Hom.Hymn,,11,8,-1.52207805507126
Hom.Hymn,–,1,310,+1.12389600546826
Hom.Hymn,–,2,20,-1.33412694923864
Hom.Hymn,–,3,131,-0.393297473471514
Hom.Hymn,–,4,39,-1.17308406599922
Hom.Hymn,–,5,14,-1.3849825965774
Hom.Hymn,–,6,52,-1.06289683009857
Hom.Hymn,–,7,9,-1.42736230269304
Hom.Hymn,–,8,23,-1.30869912556926
Hom.Hymn,–,9,105,-0.613671945272823
Hom.Hymn,–,10,2,-1.48669389125493
Hom.Hymn,–,12,32,-1.23241565456111
Hom.Hymn,––,1,350,-0.284095345308799
Hom.Hymn,––,2,73,-1.45278358724574
Hom.Hymn,––,3,41,-1.58779450328177
Hom.Hymn,––,4,125,-1.23339084868718
Hom.Hymn,––,5,1,-1.75655814832682
Hom.Hymn,––,6,144,-1.15322811729078
Hom.Hymn,––,7,11,-1.71436723706556
Hom.Hymn,––,8,24,-1.65951905242592
Hom.Hymn,––,9,1,-1.75655814832682
Hom.Hymn,––,11,654,+0.998508357033545
Hom.Hymn,–––,1,309,+0.893298473968765
Hom.Hymn,–––,2,1,-2.07506545138793
Hom.Hymn,–––,3,153,-0.610158579133978
Hom.Hymn,–––,5,1,-2.07506545138793
Hom.Hymn,–––,6,14,-1.94977736362937
Hom.Hymn,–––,7,16,-1.93050227320498
Hom.Hymn,–––,8,3,-2.05579036096354
Hom.Hymn,–––,9,3,-2.05579036096354
Hom.Hymn,–––,10,86,-1.25587410835118
Hom.Hymn,––––,1,7,-2.05881248439447
Hom.Hymn,––––,2,5,-2.11134933405381
Hom.Hymn,––––,6,16,-1.82239666092746
Hom.Hymn,––––,9,105,+0.515493148913045
Hom.Hymn,–––––,1,1,-1
Hom.Hymn,–––––,3,2,+1
Hom.Hymn,–––––,8,1,-1
Hom.Hymn,––––⏑,2,1,-2.64575131106459
Hom.Hymn,––––⏑,6,7,+0.377964473009227
Hom.Hymn,–––⏑,1,50,-0.864672415097662
Hom.Hymn,–––⏑,3,101,+0.805276159371006
Hom.Hymn,–––⏑,7,21,-1.81425101626612
Hom.Hymn,–––⏑⏑,1,2,-1.4142135623731
Hom.Hymn,–––⏑⏑,7,4,+0.707106781186547
Hom.Hymn,–––⏑⏑–,1,2,
Hom.Hymn,–––⏑⏑–⏑,1,2,
Hom.Hymn,––⏑,2,9,-2.82062484413975
Hom.Hymn,––⏑,4,250,+0.70876078312935
Hom.Hymn,––⏑,6,4,-2.89384861234036
Hom.Hymn,––⏑,8,125,-1.12183342188575
Hom.Hymn,––⏑⏑,2,4,-3.04323197790882
Hom.Hymn,––⏑⏑,4,1,-3.11303850061344
Hom.Hymn,––⏑⏑,6,165,+0.703051407239448
Hom.Hymn,––⏑⏑,8,82,-1.22826238758854
Hom.Hymn,––⏑⏑–,2,1,-1.8516401995451
Hom.Hymn,––⏑⏑–,4,4,-1.15727512471569
Hom.Hymn,––⏑⏑–,6,12,+0.694365074829414
Hom.Hymn,––⏑⏑–,8,1,-1.8516401995451
Hom.Hymn,––⏑⏑––,8,9,
Hom.Hymn,––⏑⏑–⏑,2,4,+0.707106781186547
Hom.Hymn,––⏑⏑–⏑,6,2,-1.4142135623731
Hom.Hymn,––⏑⏑–⏑⏑,6,1,
Hom.Hymn,–⏑,1,469,+0.866039203058665
Hom.Hymn,–⏑,3,132,-2.381461245676
Hom.Hymn,–⏑,5,301,-0.752892771384729
Hom.Hymn,–⏑,9,413,+0.326395211577534
Hom.Hymn,–⏑⏑,1,451,+0.814342602306628
Hom.Hymn,–⏑⏑,3,69,-2.17795014979989
Hom.Hymn,–⏑⏑,7,132,-1.68445684251531
Hom.Hymn,–⏑⏑,9,349,+0.0153534381315884
Hom.Hymn,–⏑⏑–,1,293,+0.747765965953816
Hom.Hymn,–⏑⏑–,3,193,-0.479772517584973
Hom.Hymn,–⏑⏑–,5,3,-2.81209563630867
Hom.Hymn,–⏑⏑–,7,23,-2.56658793960092
Hom.Hymn,–⏑⏑–,9,23,-2.56658793960092
Hom.Hymn,–⏑⏑––,1,21,-3.80475892484537
Hom.Hymn,–⏑⏑––,9,304,+0.262828741518924
Hom.Hymn,–⏑⏑–––,1,13,
Hom.Hymn,–⏑⏑–––⏑,1,5,+0.447213595499958
Hom.Hymn,–⏑⏑–––⏑,5,1,-2.23606797749979
Hom.Hymn,–⏑⏑–⏑,1,39,-1.36105902030386
Hom.Hymn,–⏑⏑–⏑,3,144,+0.70163615849311
Hom.Hymn,–⏑⏑–⏑,7,32,-1.49857203222366
Hom.Hymn,–⏑⏑–⏑⏑,1,5,+0.632455532033676
Hom.Hymn,–⏑⏑–⏑⏑,5,1,-1.58113883008419
Hom.Hymn,–⏑⏑–⏑⏑,7,1,-1.58113883008419
Hom.Hymn,–⏑⏑–⏑⏑–,1,8,+0.5
Hom.Hymn,–⏑⏑–⏑⏑–,3,1,-2
Hom.Hymn,–⏑⏑–⏑⏑–,5,1,-2
Hom.Hymn,–⏑⏑–⏑⏑–⏑,1,4,
Hom.Hymn,–⏑⏑–⏑⏑–⏑⏑–,1,1,
Hom.Hymn,⏑,2,17,-1.26567891145149
Hom.Hymn,⏑,2.5,78,+0.409593375098318
Hom.Hymn,⏑,4,29,-0.936117150163001
Hom.Hymn,⏑,4.5,7,-1.54031371252523
Hom.Hymn,⏑,6,36,-0.743872789411384
Hom.Hymn,⏑,6.5,105,+1.15110733799741
Hom.Hymn,⏑,8,11,-1.43045979209573
Hom.Hymn,⏑,8.5,4,-1.62270415284735
Hom.Hymn,⏑,10,13,-1.37553283188098
Hom.Hymn,⏑,10.5,26,-1.01850759048512
Hom.Hymn,⏑–,2.5,196,-1.07280607045864
Hom.Hymn,⏑–,4.5,79,-1.7962002551765
Hom.Hymn,⏑–,6.5,489,+0.738770819475812
Hom.Hymn,⏑–,8.5,2,-2.27228018870876
Hom.Hymn,⏑–,10.5,2,-2.27228018870876
Hom.Hymn,⏑––,2.5,9,-3.59509925669511
Hom.Hymn,⏑––,6.5,65,-3.33217806730949
Hom.Hymn,⏑––,10.5,838,+0.297073350459872
Hom.Hymn,⏑–––,2.5,67,-0.906300242552238
Hom.Hymn,⏑–––,4.5,1,-6.78106788623906
Hom.Hymn,⏑–––,6.5,86,+0.784920745781848
Hom.Hymn,⏑–––⏑,2.5,29,-1.51998185107132
Hom.Hymn,⏑–––⏑,6.5,67,+0.657902592254752
Hom.Hymn,⏑–––⏑⏑,6.5,5,
Hom.Hymn,⏑–⏑,2.5,27,-2.26110030725268
Hom.Hymn,⏑–⏑,4.5,205,+0.424143319655581
Hom.Hymn,⏑–⏑,6.5,4,-2.60806998938127
Hom.Hymn,⏑–⏑,8.5,6,-2.57789871267444
Hom.Hymn,⏑–⏑⏑,2.5,7,-5.31115036301544
Hom.Hymn,⏑–⏑⏑,6.5,422,+0.188533738005841
Hom.Hymn,⏑–⏑⏑,8.5,8,-5.29789811216961
Hom.Hymn,⏑–⏑⏑–,2.5,59,-1.37327298901374
Hom.Hymn,⏑–⏑⏑–,4.5,1,-3.30994948534182
Hom.Hymn,⏑–⏑⏑–,6.5,121,+0.696967403612831
Hom.Hymn,⏑–⏑⏑––,8.5,1,
Hom.Hymn,⏑–⏑⏑–⏑,2.5,14,-1.81265393434993
Hom.Hymn,⏑–⏑⏑–⏑,6.5,46,+0.551677284367371
Hom.Hymn,⏑–⏑⏑–⏑⏑,6.5,7,
Hom.Hymn,⏑–⏑⏑–⏑⏑––,6.5,1,
Hom.Hymn,⏑⏑,2,68,-1.12147233725136
Hom.Hymn,⏑⏑,4,106,-0.781568159616375
Hom.Hymn,⏑⏑,6,90,-0.924685708094264
Hom.Hymn,⏑⏑,8,309,+1.03423573669685
Hom.Hymn,⏑⏑,10,70,-1.10358264369163
Hom.Hymn,⏑⏑–,2,57,-1.7923117138875
Hom.Hymn,⏑⏑–,4,181,+0.233436598935315
Hom.Hymn,⏑⏑–,6,213,+0.756210357083139
Hom.Hymn,⏑⏑–,8,53,-1.85765843365598
Hom.Hymn,⏑⏑–,10,1,-2.70716579064619
Hom.Hymn,⏑⏑––,2,2,-3.58727160228764
Hom.Hymn,⏑⏑––,6,25,-3.28193504917257
Hom.Hymn,⏑⏑––,10,295,+0.302450574352168
Hom.Hymn,⏑⏑–––,2,15,+0.854297700689583
Hom.Hymn,⏑⏑–––,4,5,-1.28144655103437
Hom.Hymn,⏑⏑–––,6,6,-1.06787212586198
Hom.Hymn,⏑⏑––––,8,7,
Hom.Hymn,⏑⏑–––⏑,2,4,-1.5
Hom.Hymn,⏑⏑–––⏑,6,9,+0.666666666666667
Hom.Hymn,⏑⏑–⏑,2,7,-2.68319013375426
Hom.Hymn,⏑⏑–⏑,4,317,+0.635745906318038
Hom.Hymn,⏑⏑–⏑,6,2,-2.73672136020704
Hom.Hymn,⏑⏑–⏑,8,123,-1.44126568004979
Hom.Hymn,⏑⏑–⏑⏑,2,3,-4.93770566177364
Hom.Hymn,⏑⏑–⏑⏑,6,132,+0.764145755412471
Hom.Hymn,⏑⏑–⏑⏑,8,94,-0.915469390735375
Hom.Hymn,⏑⏑–⏑⏑–,2,18,+0.577350269189626
Hom.Hymn,⏑⏑–⏑⏑–,4,2,-1.73205080756888
Hom.Hymn,⏑⏑–⏑⏑–,6,2,-1.73205080756888
Hom.Hymn,⏑⏑–⏑⏑–,8,2,-1.73205080756888
Hom.Hymn,⏑⏑–⏑⏑––,8,9,
Hom.Hymn,⏑⏑–⏑⏑–⏑,2,1,
Hom.Hymn,⏑⏑–⏑⏑–⏑,6,1,
Hom.Hymn,⏑⏑–⏑⏑–⏑⏑,6,1,
Il.,,1,7,-1.76798575051871
Il.,,2,850,+0.979623052052648
Il.,,2.5,259,-0.946636499927984
Il.,,3,905,+1.1588857853165
Il.,,4,600,+0.16479244630788
Il.,,4.5,94,-1.48442469971953
Il.,,5,154,-1.28886535434079
Il.,,6,82,-1.52353656879528
Il.,,6.5,132,-1.36057044764633
Il.,,7,365,-0.601148323092202
Il.,,8,425,-0.405588977713458
Il.,,8.5,18,-1.73213320386594
Il.,,9,107,-1.4420535082208
Il.,,10,165,-1.25301280768802
Il.,,10.5,116,-1.41271960641399
Il.,,11,88,-1.50398063425741
Il.,–,1,2843,+1.05002297534188
Il.,–,2,213,-1.22166936973122
Il.,–,3,964,-0.57298459743088
Il.,–,4,347,-1.10592534910772
Il.,–,5,84,-1.33309458361503
Il.,–,6,451,-1.01609416892232
Il.,–,7,95,-1.32359320878773
Il.,–,8,191,-1.24067211938583
Il.,–,9,651,-0.843341899335017
Il.,–,10,1,-1.40478677549377
Il.,–,11,3,-1.40305925279789
Il.,–,12,254,-1.18625515446582
Il.,––,1,2336,-0.169062246028471
Il.,––,2,609,-1.29376332331586
Il.,––,3,240,-1.5340729339233
Il.,––,4,838,-1.14462809071666
Il.,––,5,8,-1.6851619031941
Il.,––,6,909,-1.09838965615534
Il.,––,7,190,-1.56663521178338
Il.,––,8,362,-1.45462097594468
Il.,––,9,12,-1.68255692096529
Il.,––,10,4,-1.6877668854229
Il.,––,11,4196,+1.04225449036675
Il.,–––,1,2065,+0.782161757836722
Il.,–––,2,21,-2.25362607511898
Il.,–––,3,1101,-0.649589451052368
Il.,–––,4,3,-2.28036001885343
Il.,–––,5,32,-2.23728866505905
Il.,–––,6,45,-2.21798081680639
Il.,–––,7,107,-2.1258972328322
Il.,–––,9,10,-2.26996348517892
Il.,–––,10,216,-1.96400835132918
Il.,––––,1,71,-1.74461372893023
Il.,––––,2,39,-1.90756924390746
Il.,––––,3,3,-2.09089419825685
Il.,––––,4,3,-2.09089419825685
Il.,––––,6,37,-1.91775396359354
Il.,––––,9,520,+0.541855840594114
Il.,–––––,1,13,-1.05364943125633
Il.,–––––,3,1,-2.37683708911312
Il.,–––––,5,2,-2.26657145095839
Il.,–––––,8,29,+0.710600779219386
Il.,–––––⏑,1,6,
Il.,––––⏑,2,18,-1.33333333333333
Il.,––––⏑,6,32,+0.75
Il.,––––⏑⏑,4,1,-2.64575131106459
Il.,––––⏑⏑,6,7,+0.377964473009227
Il.,––––⏑⏑–,2,1,
Il.,–––⏑,1,316,-0.97524481699889
Il.,–––⏑,3,684,+0.759340534508628
Il.,–––⏑,7,108,-1.95566262437271
Il.,–––⏑⏑,1,25,+0.2
Il.,–––⏑⏑,5,1,-5
Il.,–––⏑⏑–,1,27,+0.333269229535873
Il.,–––⏑⏑–,3,2,-2.95557185141024
Il.,–––⏑⏑–,5,1,-3.08712549464808
Il.,–––⏑⏑–⏑,1,2,
Il.,––⏑,2,142,-3.04100931490191
Il.,––⏑,4,1655,+0.742350179495704
Il.,––⏑,6,10,-3.37108430053343
Il.,––⏑,8,1074,-0.710479870897564
Il.,––⏑⏑,2,21,-4.08906036230936
Il.,––⏑⏑,4,1,-4.2292564509927
Il.,––⏑⏑,6,712,+0.754714501699883
Il.,––⏑⏑,8,468,-0.95567778023681
Il.,––⏑⏑–,2,48,-0.571000077560086
Il.,––⏑⏑–,4,39,-1.1037409843102
Il.,––⏑⏑–,6,75,+1.02722264269027
Il.,––⏑⏑–,8,2,-3.29389804539403
Il.,––⏑⏑––,8,62,
Il.,––⏑⏑–⏑,2,13,-1.49357598761135
Il.,––⏑⏑–⏑,6,29,+0.669534063411986
Il.,––⏑⏑–⏑⏑,6,7,
Il.,––⏑⏑–⏑⏑–,2,1,
Il.,–⏑,1,3040,+0.679707779080248
Il.,–⏑,3,799,-2.73054229128718
Il.,–⏑,5,2203,-0.594000078526864
Il.,–⏑,7,7,-3.93577123181864
Il.,–⏑,9,2920,+0.497097333545178
Il.,–⏑⏑,1,2666,+0.768008619633192
Il.,–⏑⏑,3,438,-2.4497646471438
Il.,–⏑⏑,5,2,-3.07945456829047
Il.,–⏑⏑,7,1188,-1.36658244333647
Il.,–⏑⏑,9,2329,+0.281298749389095
Il.,–⏑⏑–,1,1775,+0.675745475113223
Il.,–⏑⏑–,3,1356,-0.21495146121028
Il.,–⏑⏑–,5,50,-2.99120491905872
Il.,–⏑⏑–,7,125,-2.83177229322516
Il.,–⏑⏑–,9,145,-2.78925692633621
Il.,–⏑⏑––,1,63,-5.70991896642804
Il.,–⏑⏑––,9,2054,+0.175133833926468
Il.,–⏑⏑–––,1,69,+0.318434463127895
Il.,–⏑⏑–––,3,5,-3.09316295681502
Il.,–⏑⏑–––,5,2,-3.25308158587484
Il.,–⏑⏑–––⏑,1,27,+0.192450089729875
Il.,–⏑⏑–––⏑,5,1,-5.19615242270663
Il.,–⏑⏑–⏑,1,228,-1.30668594552765
Il.,–⏑⏑–⏑,3,722,+0.672416515910615
Il.,–⏑⏑–⏑,7,104,-1.80346470103038
Il.,–⏑⏑–⏑⏑,1,47,+0.762333853428866
Il.,–⏑⏑–⏑⏑,3,1,-2.07789486614952
Il.,–⏑⏑–⏑⏑,5,17,-1.08998922455704
Il.,–⏑⏑–⏑⏑,7,10,-1.52219794275375
Il.,–⏑⏑–⏑⏑–,1,48,+0.456435464587638
Il.,–⏑⏑–⏑⏑–,3,10,-2.19089023002066
Il.,–⏑⏑–⏑⏑––,7,1,
Il.,–⏑⏑–⏑⏑–⏑,1,15,
Il.,⏑,2,234,-0.834593252989334
Il.,⏑,2.5,594,+0.93121397339996
Il.,⏑,4,266,-0.677632610643619
Il.,⏑,4.5,71,-1.63411152493782
Il.,⏑,6,266,-0.677632610643619
Il.,⏑,6.5,608,+0.99988425442621
Il.,⏑,8,44,-1.76654706691702
Il.,⏑,8.5,22,-1.8744575085297
Il.,⏑,10,137,-1.31038020009978
Il.,⏑,10.5,158,-1.20737477856041
Il.,⏑–,2.5,1225,-1.05651945773003
Il.,⏑–,4.5,667,-1.5637256095718
Il.,⏑–,6.5,3230,+0.76596859682688
Il.,⏑–,8.5,22,-2.15001229046417
Il.,⏑–,10.5,42,-2.13183285849852
Il.,⏑––,2.5,71,-3.48369448429728
Il.,⏑––,4.5,3,-3.526557558869
Il.,⏑––,6.5,503,-3.2113878929005
Il.,⏑––,10.5,6086,+0.307796597303757
Il.,⏑–––,2.5,508,-0.30505191875742
Il.,⏑–––,4.5,50,-4.2506647238736
Il.,⏑–––,6.5,613,+0.599509968878385
Il.,⏑––––,6.5,3,-1.15470053837925
Il.,⏑––––,8.5,4,+0.866025403784438
Il.,⏑–––⏑,2.5,166,-1.63912994846406
Il.,⏑–––⏑,6.5,446,+0.610079756603217
Il.,⏑–––⏑⏑,6.5,46,
Il.,⏑–––⏑⏑––,6.5,6,
Il.,⏑–⏑,2.5,197,-2.03161078844843
Il.,⏑–⏑,4.5,1199,+0.466142439979294
Il.,⏑–⏑,6.5,30,-2.44790299318638
Il.,⏑–⏑,8.5,35,-2.43543915472118
Il.,⏑–⏑⏑,2.5,66,-5.54429852863569
Il.,⏑–⏑⏑,4.5,1,-5.68906551549202
Il.,⏑–⏑⏑,6.5,2636,+0.179565413222258
Il.,⏑–⏑⏑,8.5,18,-5.65120338046805
Il.,⏑–⏑⏑–,2.5,371,-0.873542756207749
Il.,⏑–⏑⏑–,4.5,52,-2.84506258782259
Il.,⏑–⏑⏑–,6.5,633,+0.745699237156161
Il.,⏑–⏑⏑––,6.5,1,-1.73205080756888
Il.,⏑–⏑⏑––,8.5,3,+0.577350269189626
Il.,⏑–⏑⏑–––,2.5,1,
Il.,⏑–⏑⏑––––,6.5,1,
Il.,⏑–⏑⏑–⏑,2.5,73,-1.78655557481927
Il.,⏑–⏑⏑–⏑,6.5,233,+0.559736295973419
Il.,⏑–⏑⏑–⏑⏑,6.5,32,
Il.,⏑–⏑⏑–⏑⏑–,2.5,2,+0.707106781186547
Il.,⏑–⏑⏑–⏑⏑–,6.5,1,-1.4142135623731
Il.,⏑–⏑⏑–⏑⏑––,6.5,2,
Il.,⏑⏑,2,517,-1.18937105840002
Il.,⏑⏑,4,876,-0.635917168886776
Il.,⏑⏑,6,851,-0.674458526095219
Il.,⏑⏑,8,2045,+1.16627669418001
Il.,⏑⏑,10,622,-1.02749735812456
Il.,⏑⏑–,2,598,-1.32619439306472
Il.,⏑⏑–,4,1215,-0.235086959572564
Il.,⏑⏑–,6,1898,+0.972735369560564
Il.,⏑⏑–,8,446,-1.5949923345409
Il.,⏑⏑–,10,24,-2.34126030363926
Il.,⏑⏑––,2,29,-3.45107252798714
Il.,⏑⏑––,4,2,-3.49864906979888
Il.,⏑⏑––,6,176,-3.19204468923431
Il.,⏑⏑––,10,2163,+0.309236369281768
Il.,⏑⏑–––,2,92,+0.773398806493887
Il.,⏑⏑–––,4,14,-2.12612256167234
Il.,⏑⏑–––,6,48,-0.862228631958854
Il.,⏑⏑––––,8,29,
Il.,⏑⏑–––⏑,2,19,-1.25656172487509
Il.,⏑⏑–––⏑,6,30,+0.795822425754221
Il.,⏑⏑–––⏑⏑,6,7,
Il.,⏑⏑–––⏑⏑––,6,3,
Il.,⏑⏑–⏑,2,95,-3.11152676576414
Il.,⏑⏑–⏑,4,1942,+0.735889790096016
Il.,⏑⏑–⏑,6,13,-3.2823378960189
Il.,⏑⏑–⏑,8,1122,-0.972221512451536
Il.,⏑⏑–⏑⏑,2,17,-3.31646261170141
Il.,⏑⏑–⏑⏑,4,1,-3.38864184991669
Il.,⏑⏑–⏑⏑,6,911,+0.716552323577822
Il.,⏑⏑–⏑⏑,8,476,-1.24582071540033
Il.,⏑⏑–⏑⏑–,2,101,+0.960324089075744
Il.,⏑⏑–⏑⏑–,4,30,-1.13254799473579
Il.,⏑⏑–⏑⏑–,6,43,-0.74934606389706
Il.,⏑⏑–⏑⏑–,8,23,-1.33888749595665
Il.,⏑⏑–⏑⏑––,8,53,
Il.,⏑⏑–⏑⏑–⏑,2,14,-1.03509833901353
Il.,⏑⏑–⏑⏑–⏑,6,15,+0.966091783079295
Il.,⏑⏑–⏑⏑–⏑⏑,4,3,+0.816496580927726
Il.,⏑⏑–⏑⏑–⏑⏑,6,2,-1.22474487139159
Il.,⏑⏑–⏑⏑–⏑⏑–,2,1,
Od.,,1,4,-1.77066287044228
Od.,,2,760,+1.15445826193294
Od.,,2.5,188,-1.05872862658376
Od.,,3,699,+0.91843658326245
Od.,,4,461,-0.00243488433715408
Od.,,4.5,71,-1.51142594468945
Od.,,5,130,-1.28314268171307
Od.,,6,82,-1.46886465837182
Od.,,6.5,85,-1.45725703483065
Od.,,7,231,-0.892352689160301
Od.,,8,399,-0.242325770854698
Od.,,8.5,6,-1.76292445474816
Od.,,9,64,-1.53851039961885
Od.,,10,141,-1.24058139539545
Od.,,10.5,96,-1.41469574851302
Od.,,11,44,-1.61589455655999
Od.,–,1,2351,+1.03087652197333
Od.,–,2,223,-1.18057406266802
Od.,–,3,769,-0.613162399503461
Od.,–,4,261,-1.14108387365656
Od.,–,5,81,-1.32814266371081
Od.,–,6,326,-1.07353486613697
Od.,–,7,45,-1.36555442172166
Od.,–,8,164,-1.2418877771858
Od.,–,9,555,-0.835554516567957
Od.,–,10,3,-1.40920147273432
Od.,–,11,3,-1.40920147273432
Od.,–,12,157,-1.24916228568791
Od.,––,1,1795,-0.110363605019474
Od.,––,2,518,-1.23516375374277
Od.,––,3,309,-1.41925398951659
Od.,––,4,683,-1.08982935707923
Od.,––,5,9,-1.68349834708667
Od.,––,6,819,-0.970038581647459
Od.,––,7,165,-1.54609128115023
Od.,––,8,214,-1.50293136941378
Od.,––,9,12,-1.68085590351097
Od.,––,11,3154,+1.08666333477298
Od.,–––,1,1468,+0.775980321291616
Od.,–––,2,39,-2.35897383556768
Od.,–––,3,881,-0.511786011861924
Od.,–––,4,4,-2.43575717740818
Od.,–––,5,17,-2.40723765043885
Od.,–––,6,26,-2.38749336253701
Od.,–––,7,69,-2.29315954256154
Od.,–––,8,1,-2.4423386067088
Od.,–––,9,3,-2.43795098717505
Od.,–––,10,149,-2.11765476121182
Od.,––––,1,66,-1.64419370703294
Od.,––––,2,26,-1.94051212462634
Od.,––––,3,2,-2.11830317518237
Od.,––––,4,1,-2.12571113562221
Od.,––––,5,1,-2.12571113562221
Od.,––––,6,16,-2.01459172902469
Od.,––––,7,1,-2.12571113562221
Od.,––––,9,363,+0.55597054359803
Od.,–––––,1,20,+0.748132002080725
Od.,–––––,3,2,-2.54364880707446
Od.,–––––,8,11,-0.897758402496869
Od.,–––––⏑,1,9,
Od.,––––⏑,2,11,-1.27920429813366
Od.,––––⏑,6,18,+0.781735959970572
Od.,––––⏑⏑,6,9,
Od.,––––⏑⏑––,6,2,
Od.,–––⏑,1,241,-0.831034644265276
Od.,–––⏑,3,466,+0.798784071793406
Od.,–––⏑,7,89,-1.93206773244714
Od.,–––⏑⏑,1,22,+0.707106781186548
Od.,–––⏑⏑,7,11,-1.41421356237309
Od.,–––⏑⏑–,1,20,+0.316227766016838
Od.,–––⏑⏑–,3,2,-3.16227766016838
Od.,–––⏑⏑––,7,1,
Od.,–––⏑⏑–⏑,1,1,
Od.,––⏑,2,92,-3.32468632520576
Od.,––⏑,4,1392,+0.735618657370013
Od.,––⏑,6,12,-3.57455124721042
Od.,––⏑,8,922,-0.73233775940738
Od.,––⏑⏑,2,10,-4.04674593720229
Od.,––⏑⏑,4,3,-4.10047280582266
Od.,––⏑⏑,6,636,+0.757971170848083
Od.,––⏑⏑,8,396,-1.08409289613609
Od.,––⏑⏑–,2,40,-0.34707269875554
Od.,––⏑⏑–,4,35,-0.834451382114382
Od.,––⏑⏑–,6,54,+1.01758761464922
Od.,––⏑⏑–,8,3,-3.95367495561098
Od.,––⏑⏑––,8,57,
Od.,––⏑⏑––––,6,1,
Od.,––⏑⏑–⏑,2,5,-1.84390889145858
Od.,––⏑⏑–⏑,6,17,+0.54232614454664
Od.,––⏑⏑–⏑⏑,6,4,
Od.,–⏑,1,2175,+0.401631221267364
Od.,–⏑,3,544,-3.26197185785381
Od.,–⏑,5,1938,-0.130725571958704
Od.,–⏑,7,5,-4.47269047198398
Od.,–⏑,9,2231,+0.52742016818998
Od.,–⏑⏑,1,2081,+0.872759242256486
Od.,–⏑⏑,3,353,-2.14051301181162
Od.,–⏑⏑,5,3,-2.75084014660551
Od.,–⏑⏑,7,757,-1.4360211190781
Od.,–⏑⏑,9,1593,+0.021788837172438
Od.,–⏑⏑–,1,1448,+0.667970372145182
Od.,–⏑⏑–,3,1114,-0.222196144184839
Od.,–⏑⏑–,5,30,-3.11123956844155
Od.,–⏑⏑–,7,120,-2.87137433949035
Od.,–⏑⏑–,9,96,-2.935338400544
Od.,–⏑⏑––,1,72,-4.58958771182709
Od.,–⏑⏑––,5,2,-4.81527643676351
Od.,–⏑⏑––,9,1563,+0.217582129318668
Od.,–⏑⏑–––,1,68,
Od.,–⏑⏑––––,1,2,
Od.,–⏑⏑–––⏑,1,32,
Od.,–⏑⏑–⏑,1,143,-1.31609263917587
Od.,–⏑⏑–⏑,3,497,+0.715347698570293
Od.,–⏑⏑–⏑,7,112,-1.49398713202934
Od.,–⏑⏑–⏑⏑,1,32,+0.752937509768919
Od.,–⏑⏑–⏑⏑,3,1,-2.76420893997357
Od.,–⏑⏑–⏑⏑,5,3,-2.53729626579663
Od.,–⏑⏑–⏑⏑,7,19,-0.721994872381155
Od.,–⏑⏑–⏑⏑–,1,43,+0.304920953179872
Od.,–⏑⏑–⏑⏑–,3,1,-3.41059732816005
Od.,–⏑⏑–⏑⏑–,5,3,-3.23366788619148
Od.,–⏑⏑–⏑⏑–⏑,1,18,
Od.,⏑,2,173,-0.758883780509697
Od.,⏑,2.5,399,+0.740554868520533
Od.,⏑,4,153,-0.891577466264584
Od.,⏑,4.5,51,-1.56831526361451
Od.,⏑,6,183,-0.692536937632253
Od.,⏑,6.5,456,+1.11873187292196
Od.,⏑,8,41,-1.63466210649195
Od.,⏑,8.5,9,-1.84697200369977
Od.,⏑,10,116,-1.13706078491113
Od.,⏑,10.5,87,-1.32946662925571
Od.,⏑–,2.5,798,-1.16837239396966
Od.,⏑–,4.5,438,-1.5993932368321
Od.,⏑–,6.5,2380,+0.72572475438695
Od.,⏑–,8.5,19,-2.10105360671921
Od.,⏑–,10.5,26,-2.09267264588578
Od.,⏑––,2.5,98,-3.23643302368674
Od.,⏑––,4.5,5,-3.30439342661435
Od.,⏑––,6.5,436,-2.98943715068101
Od.,⏑––,10.5,4977,+0.328930480440284
Od.,⏑–––,2.5,403,-0.452124138930302
Od.,⏑–––,4.5,18,-5.96230739303258
Od.,⏑–––,6.5,477,+0.606976019001045
Od.,⏑––––,2.5,1,-1.87082869338697
Od.,⏑––––,6.5,1,-1.87082869338697
Od.,⏑––––,8.5,7,+0.534522483824849
Od.,⏑–––––,2.5,1,
Od.,⏑–––⏑,2.5,105,-1.86189867250253
Od.,⏑–––⏑,6.5,364,+0.537086155529575
Od.,⏑–––⏑⏑,6.5,45,
Od.,⏑–––⏑⏑––,6.5,1,
Od.,⏑–⏑,2.5,122,-2.02806783158954
Od.,⏑–⏑,4.5,827,+0.466861943678334
Od.,⏑–⏑,6.5,23,-2.37841967237184
Od.,⏑–⏑,8.5,36,-2.3324138750974
Od.,⏑–⏑⏑,2.5,69,-4.80760339925961
Od.,⏑–⏑⏑,4.5,1,-4.98538257670232
Od.,⏑–⏑⏑,6.5,1987,+0.206815164492105
Od.,⏑–⏑⏑,8.5,15,-4.94878098134646
Od.,⏑–⏑⏑–,2.5,284,-1.0775446561428
Od.,⏑–⏑⏑–,4.5,21,-3.18227058560075
Od.,⏑–⏑⏑–,6.5,510,+0.731079146357196
Od.,⏑–⏑⏑–––,2.5,1,
Od.,⏑–⏑⏑–⏑,2.5,66,-1.98479065379549
Od.,⏑–⏑⏑–⏑,6.5,260,+0.503831473655779
Od.,⏑–⏑⏑–⏑⏑,6.5,32,
Od.,⏑–⏑⏑–⏑⏑–,2.5,1,
Od.,⏑–⏑⏑–⏑⏑––,6.5,1,
Od.,⏑⏑,2,443,-1.04696825413107
Od.,⏑⏑,4,653,-0.59743860340042
Od.,⏑⏑,6,576,-0.762266142001659
Od.,⏑⏑,8,1485,+1.18355506044673
Od.,⏑⏑,10,453,-1.02556208028675
Od.,⏑⏑–,2,449,-1.28046571753854
Od.,⏑⏑–,4,829,-0.522554609919723
Od.,⏑⏑–,6,1559,+0.933432517874316
Od.,⏑⏑–,8,241,-1.6953223238141
Od.,⏑⏑–,10,18,-2.14009647381146
Od.,⏑⏑––,2,34,-3.91084641420051
Od.,⏑⏑––,4,3,-3.9938196736361
Od.,⏑⏑––,6,68,-3.81984348449695
Od.,⏑⏑––,8,2,-3.99649623039209
Od.,⏑⏑––,10,1592,+0.259229011627075
Od.,⏑⏑–––,2,50,+0.773285222791188
Od.,⏑⏑–––,4,7,-2.36914197927674
Od.,⏑⏑–––,6,29,-0.761388527055939
Od.,⏑⏑––––,8,39,
Od.,⏑⏑–––⏑,2,9,-2.21108319357027
Od.,⏑⏑–––⏑,6,44,+0.452267016866646
Od.,⏑⏑–––⏑⏑,6,1,
Od.,⏑⏑–⏑,2,66,-3.43520449856078
Od.,⏑⏑–⏑,4,1407,+0.742844830902059
Od.,⏑⏑–⏑,6,5,-3.62525745090771
Od.,⏑⏑–⏑,8,875,-0.914666163336739
Od.,⏑⏑–⏑⏑,2,18,-4.48929400701835
Od.,⏑⏑–⏑⏑,4,1,-4.62463498558491
Od.,⏑⏑–⏑⏑,6,677,+0.757159220944338
Od.,⏑⏑–⏑⏑,8,467,-0.914699926054393
Od.,⏑⏑–⏑⏑–,2,137,+0.603182889182182
Od.,⏑⏑–⏑⏑–,4,18,-1.67725014394237
Od.,⏑⏑–⏑⏑–,6,24,-1.56227032714617
Od.,⏑⏑–⏑⏑–,8,8,-1.86888317193603
Od.,⏑⏑–⏑⏑––,8,32,
Od.,⏑⏑–⏑⏑–⏑,2,7,+0.925820099772552
Od.,⏑⏑–⏑⏑–⏑,6,6,-1.08012344973464
Od.,⏑⏑–⏑⏑–⏑⏑,2,1,-2.23606797749979
Od.,⏑⏑–⏑⏑–⏑⏑,6,5,+0.447213595499958
Phaen.,,2,11,-1.05366401076754
Phaen.,,2.5,7,-1.2334360694767
Phaen.,,3,64,+1.32831576712875
Phaen.,,4,20,-0.649176878671947
Phaen.,,4.5,2,-1.45815114286314
Phaen.,,5,3,-1.41320812818585
Phaen.,,6,2,-1.45815114286314
Phaen.,,6.5,7,-1.2334360694767
Phaen.,,7,29,-0.244689746576349
Phaen.,,8,40,+0.249683414873826
Phaen.,,8.5,1,-1.50309415754043
Phaen.,,9,12,-1.00872099609026
Phaen.,,10,8,-1.18849305479941
Phaen.,,10.5,3,-1.41320812818585
Phaen.,,11,7,-1.2334360694767
Phaen.,–,1,136,+1.09682186996637
Phaen.,–,2,9,-1.29954280667388
Phaen.,–,3,57,-0.393830172983073
Phaen.,–,4,11,-1.26180478027009
Phaen.,–,5,3,-1.41275688588523
Phaen.,–,6,33,-0.846686489828475
Phaen.,–,7,8,-1.31841181987577
Phaen.,–,8,11,-1.26180478027009
Phaen.,–,9,29,-0.922162542636041
Phaen.,–,12,15,-1.18632872746253
Phaen.,––,1,158,-0.574591222876492
Phaen.,––,2,49,-1.36032856146064
Phaen.,––,3,7,-1.66308973779581
Phaen.,––,4,75,-1.17290497611029
Phaen.,––,6,133,-0.754806208790287
Phaen.,––,7,10,-1.64146393948616
Phaen.,––,8,16,-1.59821234286685
Phaen.,––,9,1,-1.70634133441512
Phaen.,––,11,383,+1.04734365034766
Phaen.,–––,1,203,+0.757302263019404
Phaen.,–––,3,105,-0.806345703545583
Phaen.,–––,7,6,-2.38594926160613
Phaen.,–––,9,4,-2.41786044459725
Phaen.,–––,10,21,-2.14661538917271
Phaen.,––––,1,2,-6.56526780059687
Phaen.,––––,6,1,-6.61774575104337
Phaen.,––––,9,130,+0.15190985655567
Phaen.,–––––,3,1,
Phaen.,–––––⏑,1,1,
Phaen.,–––⏑,1,8,-2.3818906444912
Phaen.,–––⏑,3,66,+0.407913608930699
Phaen.,–––⏑,7,3,-2.62239101116551
Phaen.,–––⏑⏑–,3,1,
Phaen.,––⏑,2,6,-2.34990493568272
Phaen.,––⏑,4,137,+0.647376568551153
Phaen.,––⏑,6,3,-2.41854497013082
Phaen.,––⏑,8,51,-1.32030441896116
Phaen.,––⏑⏑,2,1,-3.90802746198016
Phaen.,––⏑⏑,6,62,+0.753483589658279
Phaen.,––⏑⏑,8,37,-1.15697175937387
Phaen.,––⏑⏑–,2,3,+0.648885684523051
Phaen.,––⏑⏑–,4,2,-0.811107105653812
Phaen.,––⏑⏑–,6,3,+0.648885684523051
Phaen.,––⏑⏑–,8,1,-2.27109989583068
Phaen.,––⏑⏑––,8,2,
Phaen.,–⏑,1,169,+0.837805768583496
Phaen.,–⏑,3,32,-2.58890133874562
Phaen.,–⏑,5,99,-0.913066476037218
Phaen.,–⏑,7,2,-3.33927515786878
Phaen.,–⏑,9,146,+0.262519173922404
Phaen.,–⏑⏑,1,292,+0.871107316269256
Phaen.,–⏑⏑,3,34,-2.17027638195402
Phaen.,–⏑⏑,7,82,-1.6044375543776
Phaen.,–⏑⏑,9,197,-0.24878202997575
Phaen.,–⏑⏑–,1,159,+0.501668431488223
Phaen.,–⏑⏑–,3,141,+0.0191931194104993
Phaen.,–⏑⏑–,5,3,-3.67978427318539
Phaen.,–⏑⏑–,7,16,-3.33132988112925
Phaen.,–⏑⏑–,9,5,-3.62617590517675
Phaen.,–⏑⏑––,1,2,-6.81909084849293
Phaen.,–⏑⏑––,9,93,+0.146647115021354
Phaen.,–⏑⏑–––,1,3,
Phaen.,–⏑⏑–⏑,1,9,-1.82998409757855
Phaen.,–⏑⏑–⏑,3,62,+0.553547980972637
Phaen.,–⏑⏑–⏑,7,10,-1.78501179420966
Phaen.,–⏑⏑–⏑⏑,1,5,+0.632455532033676
Phaen.,–⏑⏑–⏑⏑,7,2,-1.58113883008419
Phaen.,–⏑⏑–⏑⏑–,1,5,
Phaen.,–⏑⏑–⏑⏑––,7,1,
Phaen.,–⏑⏑–⏑⏑–⏑,1,3,
Phaen.,⏑,2,7,-1.30031694839156
Phaen.,⏑,2.5,24,-0.494276322540448
Phaen.,⏑,4,4,-1.44255941177705
Phaen.,⏑,6,16,-0.873589558235088
Phaen.,⏑,6.5,59,+1.1652190836236
Phaen.,⏑,8,6,-1.34773110285339
Phaen.,⏑,10,6,-1.34773110285339
Phaen.,⏑,10.5,24,-0.494276322540448
Phaen.,⏑–,2.5,37,-1.45398320956946
Phaen.,⏑–,4.5,19,-1.77322302507685
Phaen.,⏑–,6.5,154,+0.621075591228542
Phaen.,⏑–,10.5,4,-2.03925620466633
Phaen.,⏑––,2.5,1,-4.18062964449978
Phaen.,⏑––,6.5,21,-3.91897889565661
Phaen.,⏑––,10.5,340,+0.254350548392025
Phaen.,⏑–––,2.5,43,+0.761327893027204
Phaen.,⏑–––,4.5,1,-5.03138433652761
Phaen.,⏑–––,6.5,31,-0.893732743988456
Phaen.,⏑––––,8.5,1,
Phaen.,⏑–––⏑,2.5,17,-1.350381209794
Phaen.,⏑–––⏑,6.5,31,+0.740531631177354
Phaen.,⏑–––⏑⏑,6.5,1,
Phaen.,⏑–⏑,2.5,7,-1.76923422877338
Phaen.,⏑–⏑,4.5,48,+0.539489287418577
Phaen.,⏑–⏑,6.5,2,-2.05078587708947
Phaen.,⏑–⏑,8.5,5,-1.88185488809982
Phaen.,⏑–⏑⏑,2.5,1,-4.68810664948232
Phaen.,⏑–⏑⏑,6.5,184,+0.221144973888946
Phaen.,⏑–⏑⏑,8.5,8,-4.50032106826047
Phaen.,⏑–⏑⏑–,2.5,36,-1.09570783740947
Phaen.,⏑–⏑⏑–,4.5,3,-3.03341563076555
Phaen.,⏑–⏑⏑–,6.5,67,+0.724563119985636
Phaen.,⏑–⏑⏑––,8.5,1,
Phaen.,⏑–⏑⏑–⏑,2.5,10,-1.87082869338697
Phaen.,⏑–⏑⏑–⏑,6.5,35,+0.534522483824849
Phaen.,⏑–⏑⏑–⏑⏑,6.5,2,
Phaen.,⏑–⏑⏑–⏑⏑––,6.5,1,
Phaen.,⏑⏑,2,23,-1.27470172529873
Phaen.,⏑⏑,4,41,-0.896598142999093
Phaen.,⏑⏑,6,47,-0.770563615565881
Phaen.,⏑⏑,8,133,+1.03593127764348
Phaen.,⏑⏑,10,34,-1.04363842500451
Phaen.,⏑⏑–,2,26,-2.18921429026931
Phaen.,⏑⏑–,4,133,+0.170682011884768
Phaen.,⏑⏑–,6,158,+0.722059652574975
Phaen.,⏑⏑–,8,42,-1.83633260022758
Phaen.,⏑⏑–,10,1,-2.74059193095952
Phaen.,⏑⏑––,6,2,-8.8034084308295
Phaen.,⏑⏑––,10,155,+0.113592366849412
Phaen.,⏑⏑–––,2,2,
Phaen.,⏑⏑–––,6,2,
Phaen.,⏑⏑––––,8,11,
Phaen.,⏑⏑–––⏑,2,1,
Phaen.,⏑⏑–––⏑,6,1,
Phaen.,⏑⏑–⏑,2,5,-3.317265121888
Phaen.,⏑⏑–⏑,4,126,+0.73834047603223
Phaen.,⏑⏑–⏑,6,2,-3.41781732679511
Phaen.,⏑⏑–⏑,8,77,-0.904012204117284
Phaen.,⏑⏑–⏑⏑,4,1,-6.7178040539658
Phaen.,⏑⏑–⏑⏑,6,100,+0.797504671211023
Phaen.,⏑⏑–⏑⏑,8,77,-0.948476143729046
Phaen.,⏑⏑–⏑⏑–,2,2,-0.836660026534076
Phaen.,⏑⏑–⏑⏑–,4,1,-1.67332005306815
Phaen.,⏑⏑–⏑⏑–,6,4,+0.836660026534076
Phaen.,⏑⏑–⏑⏑––,8,1,
Phaen.,⏑⏑–⏑⏑–⏑,2,2,-1.22474487139159
Phaen.,⏑⏑–⏑⏑–⏑,6,3,+0.816496580927726
Q.S.,,1,2,-1.81662096496671
Q.S.,,2,206,-0.350195896539424
Q.S.,,2.5,97,-1.13372693800302
Q.S.,,3,471,+1.55471902078034
Q.S.,,4,207,-0.343007538360859
Q.S.,,4.5,29,-1.62253529414545
Q.S.,,5,84,-1.22717559432437
Q.S.,,6,24,-1.65847708503828
Q.S.,,6.5,71,-1.32062425064572
Q.S.,,7,247,-0.0554732112182531
Q.S.,,8,340,+0.613044099388305
Q.S.,,8.5,5,-1.79505589043102
Q.S.,,9,122,-0.954017983538895
Q.S.,,10,199,-0.40051440378938
Q.S.,,10.5,80,-1.25592902703863
Q.S.,,11,57,-1.42126126514563
Q.S.,–,1,1017,+1.07082054956074
Q.S.,–,2,28,-1.68558080631921
Q.S.,–,3,438,-0.542886614296176
Q.S.,–,4,136,-1.38457843378631
Q.S.,–,5,3,-1.75525728144256
Q.S.,–,6,139,-1.37621725677151
Q.S.,–,7,17,-1.71623845537348
Q.S.,–,8,34,-1.6688584522896
Q.S.,–,9,454,-0.498293670217228
Q.S.,–,12,68,-1.57409844612184
Q.S.,––,1,1064,-0.920846808096764
Q.S.,––,2,189,-1.80061835783533
Q.S.,––,3,23,-1.96752358898573
Q.S.,––,4,95,-1.89513095860724
Q.S.,––,5,4,-1.98662719978005
Q.S.,––,6,180,-1.80966743663264
Q.S.,––,7,27,-1.96350177618693
Q.S.,––,8,44,-1.94640907179201
Q.S.,––,9,5,-1.98562174658035
Q.S.,––,11,2721,+0.745189143808154
Q.S.,–––,1,979,+0.55525727251363
Q.S.,–––,2,1,-2.21206437055258
Q.S.,–––,3,204,-1.63766120742125
Q.S.,–––,4,5,-2.20074608162389
Q.S.,–––,5,2,-2.20923479832041
Q.S.,–––,6,2,-2.20923479832041
Q.S.,–––,7,25,-2.14415463698041
Q.S.,–––,10,66,-2.02814217546127
Q.S.,––––,1,9,-6.14682593590197
Q.S.,––––,3,2,-6.23750562888902
Q.S.,––––,4,1,-6.25045987074432
Q.S.,––––,6,1,-6.25045987074432
Q.S.,––––,9,496,+0.161889847625775
Q.S.,–––––,8,2,
Q.S.,–––––⏑,1,1,
Q.S.,––––⏑,2,5,+0.447213595499958
Q.S.,––––⏑,6,1,-2.23606797749979
Q.S.,––––⏑⏑,6,2,
Q.S.,–––⏑,1,82,-1.96128425465643
Q.S.,–––⏑,3,564,+0.496248294547272
Q.S.,–––⏑,7,57,-2.0887496358392
Q.S.,–––⏑⏑,1,11,+0.426401432711221
Q.S.,–––⏑⏑,7,2,-2.34520787991171
Q.S.,–––⏑⏑–,1,6,
Q.S.,––⏑,2,27,-2.59253501706132
Q.S.,––⏑,4,1192,+0.486618495007158
Q.S.,––⏑,8,257,-1.98463346532248
Q.S.,––⏑⏑,2,4,-7.61937586546591
Q.S.,––⏑⏑,4,1,-7.78253088399828
Q.S.,––⏑⏑,6,146,+0.103295011733023
Q.S.,––⏑⏑,8,147,+0.15768001791048
Q.S.,––⏑⏑–,2,8,-1.22474487139159
Q.S.,––⏑⏑–,6,12,+0.816496580927726
Q.S.,––⏑⏑––,8,12,
Q.S.,––⏑⏑–⏑,2,5,-1.18321595661992
Q.S.,––⏑⏑–⏑,6,7,+0.845154254728516
Q.S.,–⏑,1,2041,+1.0000467983749
Q.S.,–⏑,3,460,-2.55416695545775
Q.S.,–⏑,5,1385,-0.47469338031847
Q.S.,–⏑,7,4,-3.5792912260129
Q.S.,–⏑,9,1540,-0.126241051511347
Q.S.,–⏑⏑,1,1897,+0.869333693922661
Q.S.,–⏑⏑,3,484,-1.87024418378999
Q.S.,–⏑⏑,7,710,-1.43206683038372
Q.S.,–⏑⏑,9,1540,+0.17716858256851
Q.S.,–⏑⏑–,1,1501,+0.694155721665058
Q.S.,–⏑⏑–,3,535,-1.1495573107043
Q.S.,–⏑⏑–,5,10,-2.15157526307895
Q.S.,–⏑⏑–,7,157,-1.87101023641404
Q.S.,–⏑⏑–,9,54,-2.06759661564183
Q.S.,–⏑⏑––,1,7,-10.1777886092572
Q.S.,–⏑⏑––,3,1,-10.2442276097537
Q.S.,–⏑⏑––,5,1,-10.2442276097537
Q.S.,–⏑⏑––,9,935,+0.0981101342078155
Q.S.,–⏑⏑–––,1,11,+0.426401432711221
Q.S.,–⏑⏑–––,3,1,-2.34520787991171
Q.S.,–⏑⏑–––,5,1,-2.34520787991171
Q.S.,–⏑⏑–––⏑,1,21,
Q.S.,–⏑⏑–⏑,1,95,-2.10606756552341
Q.S.,–⏑⏑–⏑,3,925,+0.486482697025158
Q.S.,–⏑⏑–⏑,7,124,-2.01548448406087
Q.S.,–⏑⏑–⏑⏑,1,18,+0.70091302582235
Q.S.,–⏑⏑–⏑⏑,5,3,-1.72532437125501
Q.S.,–⏑⏑–⏑⏑,7,6,-1.24007689183954
Q.S.,–⏑⏑–⏑⏑–,1,24,
Q.S.,–⏑⏑–⏑⏑–⏑,1,16,
Q.S.,⏑,2,123,-1.12312949197202
Q.S.,⏑,2.5,366,-0.25338802301237
Q.S.,⏑,4,87,-1.25198007996604
Q.S.,⏑,4.5,29,-1.45957269395641
Q.S.,⏑,6,90,-1.24124253096654
Q.S.,⏑,6.5,731,+1.05301377192702
Q.S.,⏑,8,16,-1.50610207295425
Q.S.,⏑,8.5,3,-1.55263145195209
Q.S.,⏑,10,81,-1.27345517796504
Q.S.,⏑,10.5,132,-1.09091684497351
Q.S.,⏑–,2.5,695,-1.59944188494142
Q.S.,⏑–,4.5,79,-2.43701777142094
Q.S.,⏑–,6.5,2297,+0.578799300351109
Q.S.,⏑–,8.5,3,-2.54035505611646
Q.S.,⏑–,10.5,7,-2.5349162516588
Q.S.,⏑––,2.5,15,-5.56970515842736
Q.S.,⏑––,4.5,2,-5.5930840618696
Q.S.,⏑––,6.5,91,-5.43302849214962
Q.S.,⏑––,10.5,3214,+0.18330346555251
Q.S.,⏑–––,2.5,152,-1.00372666447912
Q.S.,⏑–––,4.5,5,-4.42721310913626
Q.S.,⏑–––,6.5,228,+0.766239116432052
Q.S.,⏑––––,6.5,2,
Q.S.,⏑–––⏑,2.5,289,-1.01374634938906
Q.S.,⏑–––⏑,6.5,297,+0.986440050415627
Q.S.,⏑–––⏑⏑,6.5,37,
Q.S.,⏑–––⏑⏑––,6.5,1,
Q.S.,⏑–⏑,2.5,62,-2.99584011581657
Q.S.,⏑–⏑,4.5,727,+0.327363404347513
Q.S.,⏑–⏑,6.5,8,-3.26569423625094
Q.S.,⏑–⏑,8.5,8,-3.26569423625094
Q.S.,⏑–⏑⏑,2.5,96,-4.61767376829516
Q.S.,⏑–⏑⏑,6.5,2346,+0.21553462603616
Q.S.,⏑–⏑⏑,8.5,13,-4.79596545573049
Q.S.,⏑–⏑⏑–,2.5,277,-1.45125781892335
Q.S.,⏑–⏑⏑–,4.5,14,-2.77733387754454
Q.S.,⏑–⏑⏑–,6.5,692,+0.641219611980812
Q.S.,⏑–⏑⏑–,8.5,1,-2.84288136333189
Q.S.,⏑–⏑⏑––,8.5,1,
Q.S.,⏑–⏑⏑–⏑,2.5,211,-1.32242775450184
Q.S.,⏑–⏑⏑–⏑,6.5,369,+0.756184976151458
Q.S.,⏑–⏑⏑–⏑⏑,6.5,40,
Q.S.,⏑–⏑⏑–⏑⏑–,2.5,1,
Q.S.,⏑–⏑⏑–⏑⏑––,6.5,3,
Q.S.,⏑⏑,2,282,-1.20780325633702
Q.S.,⏑⏑,4,554,-0.589255168711058
Q.S.,⏑⏑,6,240,-1.30331435810279
Q.S.,⏑⏑,8,1279,+1.05944837367431
Q.S.,⏑⏑,10,424,-0.884884769414642
Q.S.,⏑⏑–,2,233,-0.75485203104604
Q.S.,⏑⏑–,4,263,-0.498318353967488
Q.S.,⏑⏑–,6,459,+1.17770166961239
Q.S.,⏑⏑–,8,180,-1.20806152721815
Q.S.,⏑⏑–,10,6,-2.69595685427375
Q.S.,⏑⏑––,2,2,-11.712148930026
Q.S.,⏑⏑––,4,1,-11.7217326706103
Q.S.,⏑⏑––,6,4,-11.6929814488574
Q.S.,⏑⏑––,8,2,-11.712148930026
Q.S.,⏑⏑––,10,1233,+0.0854357292669446
Q.S.,⏑⏑–––,2,3,
Q.S.,⏑⏑––––,8,29,
Q.S.,⏑⏑–––⏑,2,10,+0.316227766016838
Q.S.,⏑⏑–––⏑,6,1,-3.16227766016838
Q.S.,⏑⏑–⏑,2,43,-2.62611078391752
Q.S.,⏑⏑–⏑,4,1692,+0.612660125847564
Q.S.,⏑⏑–⏑,6,1,-2.70860222006678
Q.S.,⏑⏑–⏑,8,605,-1.52229680496787
Q.S.,⏑⏑–⏑⏑,2,21,-5.51283817592379
Q.S.,⏑⏑–⏑⏑,4,3,-5.80423291549754
Q.S.,⏑⏑–⏑⏑,6,378,+0.26649082562232
Q.S.,⏑⏑–⏑⏑,8,367,+0.0884162625494704
Q.S.,⏑⏑–⏑⏑–,2,24,+0.81522148583024
Q.S.,⏑⏑–⏑⏑–,4,5,-1.91816820195351
Q.S.,⏑⏑–⏑⏑–,6,13,-0.767267280781402
Q.S.,⏑⏑–⏑⏑––,8,18,
Q.S.,⏑⏑–⏑⏑–⏑,2,9,+0.816496580927726
Q.S.,⏑⏑–⏑⏑–⏑,6,6,-1.22474487139159
Q.S.,⏑⏑–⏑⏑–⏑⏑,6,2,
Sh.,,2,20,+0.500838694055146
Sh.,,2.5,11,-0.757518524758408
Sh.,,3,27,+1.47956097535458
Sh.,,4,9,-1.03715346227253
Sh.,,4.5,1,-2.15569321232902
Sh.,,5,8,-1.17697093102959
Sh.,,6,3,-1.8760582748149
Sh.,,6.5,1,-2.15569321232902
Sh.,,7,18,+0.221203756541023
Sh.,,8,17,+0.0813862877839612
Sh.,,9,6,-1.45660586854372
Sh.,,10,12,-0.617701056001347
Sh.,,10.5,1,-2.15569321232902
Sh.,–,1,73,+1.0359253258795
Sh.,–,2,7,-1.23426549176588
Sh.,–,3,24,-0.64951937206934
Sh.,–,4,6,-1.26866232233626
Sh.,–,6,19,-0.821503524921263
Sh.,–,7,2,-1.4062496446178
Sh.,–,8,2,-1.4062496446178
Sh.,–,9,14,-0.993487677773186
Sh.,–,12,7,-1.23426549176588
Sh.,––,1,69,-0.189885307316658
Sh.,––,2,10,-1.64002342763261
Sh.,––,3,3,-1.81207371309383
Sh.,––,4,24,-1.29592285671018
Sh.,––,6,39,-0.927243673579007
Sh.,––,7,2,-1.83665232530257
Sh.,––,8,11,-1.61544481542387
Sh.,––,11,119,+1.03904530312059
Sh.,–––,1,69,+0.781694321736738
Sh.,–––,2,1,-1.85770533110492
Sh.,–––,3,28,-0.809708410123676
Sh.,–––,4,1,-1.85770533110492
Sh.,–––,5,1,-1.85770533110492
Sh.,–––,6,2,-1.81889063032784
Sh.,–––,7,7,-1.62481712644242
Sh.,–––,8,1,-1.85770533110492
Sh.,–––,9,1,-1.85770533110492
Sh.,–––,10,4,-1.74126122877367
Sh.,––––,1,1,-2.25990922893978
Sh.,––––,2,3,-2.07758109581937
Sh.,––––,6,3,-2.07758109581937
Sh.,––––,9,31,+0.475012767866322
Sh.,–––––,8,7,
Sh.,––––⏑,6,1,
Sh.,––––⏑⏑,6,1,
Sh.,–––⏑,1,6,-1.4142135623731
Sh.,–––⏑,3,24,+0.707106781186548
Sh.,–––⏑,7,6,-1.4142135623731
Sh.,–––⏑⏑,1,2,
Sh.,––⏑,2,4,-4.24756777622273
Sh.,––⏑,4,57,+0.656426421643956
Sh.,––⏑,8,45,-0.453911887306991
Sh.,––⏑⏑,6,16,+0.82915619758885
Sh.,––⏑⏑,8,11,-1.20604537831105
Sh.,––⏑⏑–,2,1,-1.41421356237309
Sh.,––⏑⏑–,4,1,-1.41421356237309
Sh.,––⏑⏑–,6,4,+0.707106781186547
Sh.,––⏑⏑–⏑,6,2,
Sh.,–⏑,1,107,+1.046988165712
Sh.,–⏑,3,23,-1.68634530825862
Sh.,–⏑,5,48,-0.872853202910223
Sh.,–⏑,7,1,-2.40221836096521
Sh.,–⏑,9,60,-0.482376992342992
Sh.,–⏑⏑,1,83,+0.833368519066377
Sh.,–⏑⏑,3,6,-2.98576359062901
Sh.,–⏑⏑,7,36,-1.49779004139704
Sh.,–⏑⏑,9,67,+0.03978262614266
Sh.,–⏑⏑–,1,61,+0.283835321577871
Sh.,–⏑⏑–,3,64,+0.447232412107835
Sh.,–⏑⏑–,5,5,-2.76624370164812
Sh.,–⏑⏑–,7,8,-2.60284661111815
Sh.,–⏑⏑–,9,4,-2.82070939849144
Sh.,–⏑⏑––,1,1,-7.34846922834953
Sh.,–⏑⏑––,9,54,+0.136082763487954
Sh.,–⏑⏑–––,1,2,
Sh.,–⏑⏑–⏑,1,1,-2.31989097813191
Sh.,–⏑⏑–⏑,3,17,+0.484006031408816
Sh.,–⏑⏑–⏑,7,3,-1.96940385193932
Sh.,–⏑⏑–⏑⏑,1,1,
Sh.,–⏑⏑–⏑⏑,5,1,
Sh.,–⏑⏑–⏑⏑–,1,2,
Sh.,–⏑⏑–⏑⏑–,3,2,
Sh.,–⏑⏑–⏑⏑––,7,1,
Sh.,–⏑⏑–⏑⏑–⏑,1,1,
Sh.,⏑,2,9,-0.597410495288591
Sh.,⏑,2.5,20,+1.08252578469587
Sh.,⏑,4,2,-1.6664608552787
Sh.,⏑,6,7,-0.902853455285765
Sh.,⏑,6.5,17,+0.624361344700106
Sh.,⏑,8,2,-1.6664608552787
Sh.,⏑,8.5,1,-1.81918233527729
Sh.,⏑,10,5,-1.20829641528294
Sh.,⏑,10.5,5,-1.20829641528294
Sh.,⏑–,2.5,45,-0.905250314811361
Sh.,⏑–,4.5,19,-1.72043164364023
Sh.,⏑–,6.5,99,+0.787818598910139
Sh.,⏑–,8.5,1,-2.28478794821406
Sh.,⏑–,10.5,1,-2.28478794821406
Sh.,⏑––,2.5,2,-4.01259528479792
Sh.,⏑––,6.5,10,-3.81840447886017
Sh.,⏑––,10.5,178,+0.259602445832571
Sh.,⏑–––,2.5,16,+0.529150262212918
Sh.,⏑–––,4.5,2,-3.70405183549043
Sh.,⏑–––,6.5,14,-0.0755928946018454
Sh.,⏑–––⏑,2.5,5,-1.34164078649987
Sh.,⏑–––⏑,6.5,9,+0.74535599249993
Sh.,⏑–––⏑⏑,6.5,2,
Sh.,⏑–⏑,2.5,5,-1.86225173247375
Sh.,⏑–⏑,4.5,23,+0.508712668383075
Sh.,⏑–⏑,8.5,1,-2.38913271044194
Sh.,⏑–⏑⏑,2.5,2,-4.44515073671404
Sh.,⏑–⏑⏑,6.5,60,+0.223599131625455
Sh.,⏑–⏑⏑,8.5,1,-4.5256464240992
Sh.,⏑–⏑⏑–,2.5,18,-1.13038833052088
Sh.,⏑–⏑⏑–,6.5,23,+0.884651736929383
Sh.,⏑–⏑⏑–⏑,2.5,3,-1.82574185835055
Sh.,⏑–⏑⏑–⏑,6.5,10,+0.547722557505166
Sh.,⏑–⏑⏑–⏑⏑,6.5,1,
Sh.,⏑⏑,2,12,-1.4446333318711
Sh.,⏑⏑,4,30,-0.60304730922263
Sh.,⏑⏑,6,29,-0.649802088258657
Sh.,⏑⏑,8,67,+1.12687951511034
Sh.,⏑⏑,10,19,-1.11734987861892
Sh.,⏑⏑–,2,18,-1.53444296768667
Sh.,⏑⏑–,4,46,-0.0687276613514802
Sh.,⏑⏑–,6,65,+0.925864867947401
Sh.,⏑⏑–,8,17,-1.58678994291293
Sh.,⏑⏑–,10,1,-2.42434154653304
Sh.,⏑⏑––,6,3,-5
Sh.,⏑⏑––,10,75,+0.2
Sh.,⏑⏑–––,2,4,+0.5
Sh.,⏑⏑–––,6,1,-2
Sh.,⏑⏑––––,8,1,
Sh.,⏑⏑–––⏑,6,1,
Sh.,⏑⏑–⏑,2,3,-3.38140020803654
Sh.,⏑⏑–⏑,4,60,+0.735605312781073
Sh.,⏑⏑–⏑,6,1,-3.52585654210032
Sh.,⏑⏑–⏑,8,39,-0.781186194888575
Sh.,⏑⏑–⏑⏑,6,31,+0.595683397181271
Sh.,⏑⏑–⏑⏑,8,11,-1.67874411932904
Sh.,⏑⏑–⏑⏑–,2,1,
Sh.,⏑⏑–⏑⏑–,6,1,
Sh.,⏑⏑–⏑⏑––,8,2,
Sh.,⏑⏑–⏑⏑–⏑,6,2,
Theoc.,,1,2,-1.56215792889727
Theoc.,,2,40,-0.514325212200251
Theoc.,,2.5,18,-1.12096520607747
Theoc.,,3,112,+1.47104204048883
Theoc.,,4,58,-0.0179833990279808
Theoc.,,4.5,4,-1.50700883854479
Theoc.,,5,13,-1.25883793195866
Theoc.,,6,7,-1.42428520301608
Theoc.,,6.5,8,-1.39671065783984
Theoc.,,7,43,-0.43160157667154
Theoc.,,8,67,+0.230187507558155
Theoc.,,8.5,3,-1.53458338372103
Theoc.,,9,7,-1.42428520301608
Theoc.,,10,26,-0.900368844667573
Theoc.,,10.5,18,-1.12096520607747
Theoc.,,11,10,-1.34156156748737
Theoc.,,12,1,-1.5897324740735
Theoc.,–,1,345,+1.16568992916926
Theoc.,–,2,25,-1.44466242151033
Theoc.,–,3,180,-0.180273001649904
Theoc.,–,4,47,-1.26520069740111
Theoc.,–,5,18,-1.50176387918145
Theoc.,–,6,63,-1.13468307986713
Theoc.,–,7,29,-1.41203301712683
Theoc.,–,8,16,-1.51807858137319
Theoc.,–,9,156,-0.376049427950873
Theoc.,–,11,6,-1.59965209233193
Theoc.,–,12,30,-1.40387566603096
Theoc.,––,1,446,-0.233842664658606
Theoc.,––,2,81,-1.55577362316943
Theoc.,––,3,19,-1.7803207996836
Theoc.,––,4,175,-1.21533112974472
Theoc.,––,5,2,-1.84189018679232
Theoc.,––,6,158,-1.27690051685345
Theoc.,––,7,17,-1.78756425699051
Theoc.,––,8,29,-1.74410351314905
Theoc.,––,9,2,-1.84189018679232
Theoc.,––,10,1,-1.84551191544578
Theoc.,––,11,782,+0.983058162902044
Theoc.,–––,1,438,+0.650953346762237
Theoc.,–––,2,2,-2.35718945025426
Theoc.,–––,3,159,-1.27398206692492
Theoc.,–––,4,1,-2.36408886033916
Theoc.,–––,6,6,-2.32959180991466
Theoc.,–––,7,14,-2.27439652923546
Theoc.,–––,10,13,-2.28129593932036
Theoc.,––––,2,2,-2.93851214369612
Theoc.,––––,6,7,-2.7216477788477
Theoc.,––––,7,1,-2.98188501666581
Theoc.,––––,9,78,+0.357826201999897
Theoc.,–––––,1,6,+0.408248290463863
Theoc.,–––––,8,1,-2.44948974278318
Theoc.,––––⏑,2,3,-1.15470053837925
Theoc.,––––⏑,6,4,+0.866025403784438
Theoc.,–––⏑,1,47,-1.43722106020004
Theoc.,–––⏑,3,153,+0.619674039774384
Theoc.,–––⏑,7,13,-2.09697986585221
Theoc.,–––⏑⏑,1,7,+0.755928946018454
Theoc.,–––⏑⏑,5,2,-1.3228756555323
Theoc.,–––⏑⏑,7,2,-1.3228756555323
Theoc.,–––⏑⏑–,1,9,
Theoc.,–––⏑⏑–⏑,1,1,
Theoc.,––⏑,2,13,-2.53688339317051
Theoc.,––⏑,4,374,+0.641871996792649
Theoc.,––⏑,6,3,-2.62493755909747
Theoc.,––⏑,8,144,-1.38337381952737
Theoc.,––⏑⏑,2,2,-2.70462266142075
Theoc.,––⏑⏑,6,168,+0.564557157481031
Theoc.,––⏑⏑,8,52,-1.71992994488407
Theoc.,––⏑⏑–,2,8,+0.939336436627724
Theoc.,––⏑⏑–,4,5,-0.563601861976635
Theoc.,––⏑⏑–,6,3,-1.56556072771287
Theoc.,––⏑⏑––,8,7,
Theoc.,––⏑⏑–⏑,6,3,
Theoc.,––⏑⏑–⏑⏑,6,1,
Theoc.,–⏑,1,426,-0.203333813443791
Theoc.,–⏑,3,149,-1.80661941948996
Theoc.,–⏑,5,278,-1.05996294591611
Theoc.,–⏑,7,1,-2.66324855196228
Theoc.,–⏑,9,638,+1.02372953847602
Theoc.,–⏑⏑,1,399,+0.287721316317416
Theoc.,–⏑⏑,3,59,-2.93857943304432
Theoc.,–⏑⏑,7,244,-1.18309226059749
Theoc.,–⏑⏑,9,450,+0.771666428721677
Theoc.,–⏑⏑–,1,311,+0.756005823664158
Theoc.,–⏑⏑–,3,185,-0.694631709582727
Theoc.,–⏑⏑–,7,30,-2.47914613540231
Theoc.,–⏑⏑–,9,12,-2.68638006872329
Theoc.,–⏑⏑––,1,1,-15.4919333848297
Theoc.,–⏑⏑––,9,240,+0.0645497224367898
Theoc.,–⏑⏑–––,1,10,
Theoc.,–⏑⏑–––⏑,1,8,
Theoc.,–⏑⏑–⏑,1,33,-1.27728811960041
Theoc.,–⏑⏑–⏑,3,109,+0.728073188411513
Theoc.,–⏑⏑–⏑,7,25,-1.48837878360166
Theoc.,–⏑⏑–⏑⏑,1,3,-0.282842712474619
Theoc.,–⏑⏑–⏑⏑,5,2,-1.5556349186104
Theoc.,–⏑⏑–⏑⏑,7,4,+0.989949493661166
Theoc.,–⏑⏑–⏑⏑–,1,5,+0.447213595499958
Theoc.,–⏑⏑–⏑⏑–,3,1,-2.23606797749979
Theoc.,–⏑⏑–⏑⏑–⏑,1,7,
Theoc.,⏑,2,19,-1.12099595762909
Theoc.,⏑,2.5,56,-0.606204809582581
Theoc.,⏑,4,31,-0.954036666370766
Theoc.,⏑,4.5,20,-1.10708268335757
Theoc.,⏑,6,66,-0.467072066867308
Theoc.,⏑,6.5,188,+1.23034739425903
Theoc.,⏑,8,10,-1.24621542607284
Theoc.,⏑,8.5,13,-1.20447560325826
Theoc.,⏑,10,34,-0.912296843556184
Theoc.,⏑,10.5,47,-0.731424278026328
Theoc.,⏑–,2.5,205,-1.1100939738215
Theoc.,⏑–,4.5,103,-1.63108719457679
Theoc.,⏑–,6.5,567,+0.738921182192364
Theoc.,⏑–,8.5,4,-2.13675708530987
Theoc.,⏑–,10.5,7,-2.12143375528765
Theoc.,⏑––,2.5,4,-5.71906306711206
Theoc.,⏑––,6.5,30,-5.5742609799337
Theoc.,⏑––,10.5,1063,+0.178837329883781
Theoc.,⏑–––,2.5,59,-1.20028245263425
Theoc.,⏑–––,6.5,85,+0.83313723182848
Theoc.,⏑–––⏑,2.5,34,-1.57181049598675
Theoc.,⏑–––⏑,6.5,84,+0.636209010280352
Theoc.,⏑–––⏑⏑,6.5,7,
Theoc.,⏑–⏑,2.5,20,-2.29880822870672
Theoc.,⏑–⏑,4.5,182,+0.418934360053495
Theoc.,⏑–⏑,6.5,8,-2.50012249454081
Theoc.,⏑–⏑,8.5,4,-2.56722724981884
Theoc.,⏑–⏑⏑,2.5,9,-6.23072567059578
Theoc.,⏑–⏑⏑,6.5,469,+0.159954750854152
Theoc.,⏑–⏑⏑,8.5,3,-6.31408237174512
Theoc.,⏑–⏑⏑–,2.5,38,-1.3664531566879
Theoc.,⏑–⏑⏑–,4.5,1,-3.17701386956688
Theoc.,⏑–⏑⏑–,6.5,80,+0.688777922796339
Theoc.,⏑–⏑⏑–⏑,2.5,20,-1.3228756555323
Theoc.,⏑–⏑⏑–⏑,6.5,35,+0.755928946018454
Theoc.,⏑–⏑⏑–⏑⏑,6.5,6,
Theoc.,⏑–⏑⏑–⏑⏑––,6.5,1,
Theoc.,⏑⏑,2,88,-1.1438653172175
Theoc.,⏑⏑,4,123,-0.912490129962898
Theoc.,⏑⏑,6,124,-0.905879410327052
Theoc.,⏑⏑,8,419,+1.04428288224746
Theoc.,⏑⏑,10,124,-0.905879410327052
Theoc.,⏑⏑–,2,64,-1.65895144100704
Theoc.,⏑⏑–,4,199,+0.649035022525712
Theoc.,⏑⏑–,6,185,+0.409688278159353
Theoc.,⏑⏑–,8,44,-2.00087536153041
Theoc.,⏑⏑–,10,4,-2.68472320257715
Theoc.,⏑⏑––,2,4,-4.82693344031269
Theoc.,⏑⏑––,4,2,-4.86327700114507
Theoc.,⏑⏑––,6,4,-4.82693344031269
Theoc.,⏑⏑––,8,2,-4.86327700114507
Theoc.,⏑⏑––,10,281,+0.206649734971821
Theoc.,⏑⏑–––,2,9,+0.471404520791032
Theoc.,⏑⏑–––,6,2,-2.12132034355964
Theoc.,⏑⏑––––,8,5,
Theoc.,⏑⏑–––⏑,2,2,+0.707106781186547
Theoc.,⏑⏑–––⏑,6,1,-1.4142135623731
Theoc.,⏑⏑–––⏑⏑,6,1,
Theoc.,⏑⏑–⏑,2,13,-2.54934317598264
Theoc.,⏑⏑–⏑,4,322,+0.658285683756006
Theoc.,⏑⏑–⏑,6,2,-2.66353061111897
Theoc.,⏑⏑–⏑,8,131,-1.32442341724749
Theoc.,⏑⏑–⏑⏑,2,2,-3.12001248827478
Theoc.,⏑⏑–⏑⏑,6,186,+0.676699333983965
Theoc.,⏑⏑–⏑⏑,8,85,-1.40736530758198
Theoc.,⏑⏑–⏑⏑–,2,7,+0.654653670707977
Theoc.,⏑⏑–⏑⏑–,6,3,-1.52752523165195
Theoc.,⏑⏑–⏑⏑––,8,1,
Theoc.,⏑⏑–⏑⏑–⏑,2,1,
Theoc.,⏑⏑–⏑⏑–⏑,6,1,
Theoc.,⏑⏑–⏑⏑–⏑⏑,6,1,
Theog.,,2,35,-0.479378056522416
Theog.,,2.5,15,-1.08987954620655
Theog.,,3,96,+1.38265148701419
Theog.,,4,53,+0.0700732841933045
Theog.,,4.5,3,-1.45618044001703
Theog.,,5,3,-1.45618044001703
Theog.,,6,8,-1.303555067596
Theog.,,6.5,7,-1.3340801420802
Theog.,,7,22,-0.876204024817102
Theog.,,8,39,-0.357277758585589
Theog.,,9,13,-1.15092969517496
Theog.,,10,18,-0.998304322753929
Theog.,,10.5,2,-1.48670551450124
Theog.,,11,4,-1.42565536553282
Theog.,–,1,126,+1.10011185673623
Theog.,–,2,8,-1.32763774129773
Theog.,–,3,51,-0.44294932845485
Theog.,–,4,11,-1.26591529389009
Theog.,–,5,6,-1.3687860395695
Theog.,–,6,28,-0.916154758580113
Theog.,–,7,3,-1.43050848697714
Theog.,–,8,7,-1.34821189043361
Theog.,–,9,35,-0.772135714628946
Theog.,–,12,14,-1.20419284648245
Theog.,––,1,171,+0.265625402461155
Theog.,––,2,29,-1.62628942288255
Theog.,––,3,7,-1.91940298737242
Theog.,––,4,55,-1.27988248303089
Theog.,––,6,61,-1.1999424199882
Theog.,––,7,8,-1.90607964353198
Theog.,––,8,18,-1.77284620512749
Theog.,––,11,221,+0.931792594483588
Theog.,–––,1,175,+0.685674309878096
Theog.,–––,3,56,-1.19173835805361
Theog.,–––,5,1,-2.05945009533297
Theog.,–––,6,1,-2.05945009533297
Theog.,–––,7,6,-1.98056721012576
Theog.,–––,9,1,-2.05945009533297
Theog.,–––,10,20,-1.75969513154556
Theog.,––––,1,2,-2.22633905440406
Theog.,––––,2,4,-2.07256275747669
Theog.,––––,6,2,-2.22633905440406
Theog.,––––,9,37,+0.464746141824946
Theog.,–––––,1,1,-2.64575131106459
Theog.,–––––,8,7,+0.377964473009227
Theog.,–––⏑,1,27,-1.29192929785477
Theog.,–––⏑,3,70,+0.662002391935239
Theog.,–––⏑,7,5,-2.29161527867757
Theog.,–––⏑⏑,1,1,
Theog.,–––⏑⏑–⏑,1,1,
Theog.,––⏑,2,4,-3.09335525835479
Theog.,––⏑,4,164,+0.701307841465231
Theog.,––⏑,8,81,-1.2671736415664
Theog.,––⏑⏑,6,41,+0.869538705852483
Theog.,––⏑⏑,8,31,-1.15003506257909
Theog.,––⏑⏑–,2,3,+0.408248290463863
Theog.,––⏑⏑–,4,3,+0.408248290463863
Theog.,––⏑⏑–,6,1,-2.44948974278318
Theog.,––⏑⏑––,8,10,
Theog.,––⏑⏑–⏑,2,1,-1.4142135623731
Theog.,––⏑⏑–⏑,6,2,+0.707106781186547
Theog.,–⏑,1,170,+0.863894898426909
Theog.,–⏑,3,33,-2.43825483358205
Theog.,–⏑,5,89,-1.08847100151999
Theog.,–⏑,9,143,+0.213106265111275
Theog.,–⏑⏑,1,167,+0.901605609462206
Theog.,–⏑⏑,3,30,-1.90778883529411
Theog.,–⏑⏑,7,49,-1.51816478821112
Theog.,–⏑⏑,9,115,-0.164733887817565
Theog.,–⏑⏑–,1,162,+0.772395969915456
Theog.,–⏑⏑–,3,92,-0.628884544952154
Theog.,–⏑⏑–,5,5,-2.3704760420019
Theog.,–⏑⏑–,7,14,-2.19031140437606
Theog.,–⏑⏑–,9,11,-2.25036628358467
Theog.,–⏑⏑––,1,3,-8.56348838577675
Theog.,–⏑⏑––,9,220,+0.116774841624228
Theog.,–⏑⏑–––,1,4,+0.707106781186547
Theog.,–⏑⏑–––,3,2,-1.4142135623731
Theog.,–⏑⏑–––⏑,1,3,
Theog.,–⏑⏑–⏑,1,23,-1.4514933740186
Theog.,–⏑⏑–⏑,3,82,+0.620396361475691
Theog.,–⏑⏑–⏑,7,9,-1.94312822650877
Theog.,–⏑⏑–⏑⏑,1,1,
Theog.,–⏑⏑–⏑⏑,5,1,
Theog.,–⏑⏑–⏑⏑–,1,4,+0.5
Theog.,–⏑⏑–⏑⏑–,3,1,-2
Theog.,–⏑⏑–⏑⏑–⏑,1,1,
Theog.,⏑,2,11,-1.27507480612255
Theog.,⏑,2.5,50,+1.06682110532297
Theog.,⏑,4,19,-0.794685901210646
Theog.,⏑,6,9,-1.39517203235052
Theog.,⏑,6.5,37,+0.286189134841133
Theog.,⏑,8,3,-1.75546371103445
Theog.,⏑,10,10,-1.33512341923654
Theog.,⏑,10.5,2,-1.81551232414844
Theog.,⏑–,2.5,54,-1.63628392937403
Theog.,⏑–,4.5,29,-1.91101313874553
Theog.,⏑–,6.5,255,+0.572538913972783
Theog.,⏑–,8.5,1,-2.2187098532416
Theog.,⏑––,2.5,5,-3.14640383197819
Theog.,⏑––,4.5,2,-3.17649947111107
Theog.,⏑––,6.5,35,-2.8454474406494
Theog.,⏑––,10.5,353,+0.344690307435813
Theog.,⏑–––,2.5,13,-1.32343846162265
Theog.,⏑–––,4.5,6,-1.80397266494992
Theog.,⏑–––,6.5,42,+0.667346095018904
Theog.,⏑–––⏑,2.5,17,+0.970142500145331
Theog.,⏑–––⏑,6.5,16,-1.03077640640442
Theog.,⏑–––⏑⏑,6.5,3,
Theog.,⏑–⏑,2.5,6,-2.77907260862392
Theog.,⏑–⏑,4.5,73,+0.350944798465013
Theog.,⏑–⏑,6.5,1,-3.01265599721265
Theog.,⏑–⏑,8.5,2,-2.9659393194949
Theog.,⏑–⏑⏑,2.5,4,-6.16020063516651
Theog.,⏑–⏑⏑,6.5,191,+0.161792803824443
Theog.,⏑–⏑⏑,8.5,1,-6.26162298980273
Theog.,⏑–⏑⏑–,2.5,22,-1.11653579864191
Theog.,⏑–⏑⏑–,4.5,3,-2.39449845973808
Theog.,⏑–⏑⏑–,6.5,49,+0.699516403968427
Theog.,⏑–⏑⏑–,8.5,1,-2.52902084511662
Theog.,⏑–⏑⏑–⏑,2.5,10,-1.73205080756888
Theog.,⏑–⏑⏑–⏑,6.5,30,+0.577350269189626
Theog.,⏑–⏑⏑–⏑⏑,6.5,3,
Theog.,⏑⏑,2,28,-1.19932494632705
Theog.,⏑⏑,4,35,-1.09155854978744
Theog.,⏑⏑,6,27,-1.2147201458327
Theog.,⏑⏑,8,161,+0.848236587925455
Theog.,⏑⏑,10,26,-1.23011534533836
Theog.,⏑⏑–,2,28,-1.50167830780257
Theog.,⏑⏑–,4,68,-0.391924336272129
Theog.,⏑⏑–,6,117,+0.967524278852664
Theog.,⏑⏑–,8,32,-1.39070291064953
Theog.,⏑⏑––,2,2,-3.58553866231898
Theog.,⏑⏑––,6,11,-3.34793683659127
Theog.,⏑⏑––,10,149,+0.295291157900282
Theog.,⏑⏑–––,2,1,-1.4142135623731
Theog.,⏑⏑–––,6,2,+0.707106781186547
Theog.,⏑⏑––––,8,1,
Theog.,⏑⏑–⏑,2,1,-2.89086519984141
Theog.,⏑⏑–⏑,4,142,+0.638471003686866
Theog.,⏑⏑–⏑,6,1,-2.89086519984141
Theog.,⏑⏑–⏑,8,57,-1.4891430197167
Theog.,⏑⏑–⏑⏑,2,1,-5.01319376825859
Theog.,⏑⏑–⏑⏑,6,57,+0.77645425366968
Theog.,⏑⏑–⏑⏑,8,40,-0.98111746727283
Theog.,⏑⏑–⏑⏑–,2,5,+1.01192885125388
Theog.,⏑⏑–⏑⏑–,4,2,-1.07517440445725
Theog.,⏑⏑–⏑⏑–,6,3,-0.379473319220206
Theog.,⏑⏑–⏑⏑–,8,1,-1.77087548969429
Theog.,⏑⏑–⏑⏑––,8,10,
W.D.,,2,17,-0.684837391666935
W.D.,,2.5,13,-0.837231667605587
W.D.,,3,73,+1.4486824714742
W.D.,,4,35,+0.000936850056999934
W.D.,,4.5,5,-1.14202021948289
W.D.,,5,7,-1.06582308151357
W.D.,,6,11,-0.913428805574914
W.D.,,6.5,11,-0.913428805574914
W.D.,,7,14,-0.799133098620924
W.D.,,8,26,-0.341950270804968
W.D.,,9,8,-1.0277245125289
W.D.,,10,15,-0.761034529636261
W.D.,,10.5,3,-1.21821735745222
W.D.,,11,6,-1.10392165049823
W.D.,–,1,100,+1.22069133088047
W.D.,–,2,5,-1.39373553320853
W.D.,–,3,41,-0.403005353132697
W.D.,–,4,17,-1.06349213984992
W.D.,–,5,7,-1.33869496764876
W.D.,–,6,24,-0.870850160390727
W.D.,–,7,3,-1.44877609876829
W.D.,–,8,14,-1.14605298818957
W.D.,–,9,42,-0.375485070352813
W.D.,–,11,1,-1.50381666432806
W.D.,–,12,10,-1.25613411930911
W.D.,––,1,121,-0.358014068801567
W.D.,––,2,20,-1.53327399402631
W.D.,––,3,12,-1.62636388909361
W.D.,––,4,73,-0.916553439205404
W.D.,––,5,1,-1.75436249481116
W.D.,––,6,90,-0.718737412187379
W.D.,––,7,14,-1.60309141532679
W.D.,––,8,17,-1.56818270467655
W.D.,––,9,1,-1.75436249481116
W.D.,––,11,248,+1.11978801539192
W.D.,–––,1,144,+0.785544868856848
W.D.,–––,2,2,-2.15176741726261
W.D.,–––,3,74,-0.662425976413306
W.D.,–––,5,7,-2.04834092831474
W.D.,–––,6,3,-2.13108211947303
W.D.,–––,7,6,-2.06902622610431
W.D.,–––,10,14,-1.90354384378772
W.D.,––––,1,6,-1.7318810402754
W.D.,––––,2,1,-2.24630115124829
W.D.,––––,6,1,-2.24630115124829
W.D.,––––,9,28,+0.53156744800532
W.D.,–––––,1,1,
W.D.,–––––,8,1,
W.D.,–––––⏑,1,2,
W.D.,––––⏑,6,2,
W.D.,–––⏑,1,16,-0.938710351397118
W.D.,–––⏑,3,34,+0.775456377241097
W.D.,–––⏑,7,6,-1.89102520064057
W.D.,–––⏑⏑–,1,1,
W.D.,––⏑,2,5,-5.37997658237845
W.D.,––⏑,4,105,+0.60314722862432
W.D.,––⏑,8,88,-0.413983819246151
W.D.,––⏑⏑,6,48,+0.866025403784439
W.D.,––⏑⏑,8,36,-1.15470053837925
W.D.,––⏑⏑–,2,1,-1.67332005306815
W.D.,––⏑⏑–,4,2,-0.836660026534076
W.D.,––⏑⏑–,6,4,+0.836660026534076
W.D.,––⏑⏑––,8,3,
W.D.,––⏑⏑–⏑,6,2,
W.D.,–⏑,1,151,+0.893415957301524
W.D.,–⏑,3,33,-2.26554100403375
W.D.,–⏑,5,79,-1.03408320554712
W.D.,–⏑,7,1,-3.12220729863315
W.D.,–⏑,9,125,+0.197374592939514
W.D.,–⏑⏑,1,167,+0.839048725450062
W.D.,–⏑⏑,3,11,-2.72101295642327
W.D.,–⏑⏑,7,57,-1.67125117843498
W.D.,–⏑⏑,9,125,-0.119429419669682
W.D.,–⏑⏑–,1,91,+0.348886051463248
W.D.,–⏑⏑–,3,89,+0.264242514347164
W.D.,–⏑⏑–,5,4,-3.33310781308638
W.D.,–⏑⏑–,7,7,-3.20614250741226
W.D.,–⏑⏑–,9,6,-3.2484642759703
W.D.,–⏑⏑––,1,4,-4.94974746830583
W.D.,–⏑⏑––,9,98,+0.202030508910442
W.D.,–⏑⏑–––,1,7,
W.D.,–⏑⏑–––⏑,1,2,
W.D.,–⏑⏑–⏑,1,10,-1.29956865015689
W.D.,–⏑⏑–⏑,3,33,+0.693103280083672
W.D.,–⏑⏑–⏑,7,6,-1.64612029019872
W.D.,–⏑⏑–⏑⏑,1,3,
W.D.,–⏑⏑–⏑⏑–,1,4,+0.5
W.D.,–⏑⏑–⏑⏑–,3,1,-2
W.D.,–⏑⏑–⏑⏑–⏑,1,1,
W.D.,⏑,2,6,-1.21964077036312
W.D.,⏑,2.5,19,+0.649091928820225
W.D.,⏑,4,11,-0.50089742452337
W.D.,⏑,4.5,3,-1.65088677786696
W.D.,⏑,6,11,-0.50089742452337
W.D.,⏑,6.5,24,+1.36783527465997
W.D.,⏑,8,8,-0.932143432027218
W.D.,⏑,10,6,-1.21964077036312
W.D.,⏑,10.5,9,-0.788394762859269
W.D.,⏑–,2.5,47,-1.36546469105253
W.D.,⏑–,4.5,42,-1.44154597569309
W.D.,⏑–,6.5,183,+0.703946251170568
W.D.,⏑–,8.5,2,-2.05019625281753
W.D.,⏑––,2.5,3,-4.75184562648145
W.D.,⏑––,6.5,12,-4.61213949129225
W.D.,⏑––,10.5,323,+0.215483624690252
W.D.,⏑–––,2.5,34,+0.611429598438082
W.D.,⏑–––,4.5,1,-2.58159163784968
W.D.,⏑–––,6.5,12,-1.51725122575376
W.D.,⏑–––⏑,2.5,9,-1.56347191994114
W.D.,⏑–––⏑,6.5,22,+0.639602149066831
W.D.,⏑–––⏑⏑,6.5,4,
W.D.,⏑–⏑,2.5,14,-1.15173770822782
W.D.,⏑–⏑,4.5,41,+0.723004724016701
W.D.,⏑–⏑,6.5,1,-2.05439147190111
W.D.,⏑–⏑,8.5,7,-1.63778204251344
W.D.,⏑–⏑⏑,2.5,4,-3.94710071044887
W.D.,⏑–⏑⏑,6.5,110,+0.252259589026714
W.D.,⏑–⏑⏑,8.5,3,-3.9867173170477
W.D.,⏑–⏑⏑–,2.5,20,+0.153549638081371
W.D.,⏑–⏑⏑–,4.5,3,-3.67495467141413
W.D.,⏑–⏑⏑–,6.5,21,+0.378755773934047
W.D.,⏑–⏑⏑–––,2.5,1,
W.D.,⏑–⏑⏑–⏑,2.5,6,+0.912870929175276
W.D.,⏑–⏑⏑–⏑,6.5,5,-1.09544511501033
W.D.,⏑–⏑⏑–⏑⏑,6.5,3,
W.D.,⏑⏑,2,16,-1.43073461435323
W.D.,⏑⏑,4,30,-1.11796336171232
W.D.,⏑⏑,6,51,-0.648806482750966
W.D.,⏑⏑,8,123,+0.959731387973683
W.D.,⏑⏑,10,22,-1.29668979179284
W.D.,⏑⏑–,2,27,-1.3792166478131
W.D.,⏑⏑–,4,58,-0.701130300862566
W.D.,⏑⏑–,6,131,+0.895653677440305
W.D.,⏑⏑–,8,25,-1.42296415406797
W.D.,⏑⏑–,10,2,-1.92606047599902
W.D.,⏑⏑––,2,1,-4.58842865292358
W.D.,⏑⏑––,6,4,-4.44260994573321
W.D.,⏑⏑––,10,100,+0.223588684358564
W.D.,⏑⏑–––,2,8,+0.707106781186547
W.D.,⏑⏑–––,4,2,-1.41421356237309
W.D.,⏑⏑–––,6,2,-1.41421356237309
W.D.,⏑⏑––––,8,3,
W.D.,⏑⏑–––⏑,2,2,+0.707106781186547
W.D.,⏑⏑–––⏑,6,1,-1.4142135623731
W.D.,⏑⏑–⏑,2,1,-5.70234535497969
W.D.,⏑⏑–⏑,4,72,+0.613460079210318
W.D.,⏑⏑–⏑,6,2,-5.61339034886434
W.D.,⏑⏑–⏑,8,60,-0.453999994173908
W.D.,⏑⏑–⏑⏑,2,2,-5.90771702084349
W.D.,⏑⏑–⏑⏑,6,40,-0.333392608399745
W.D.,⏑⏑–⏑⏑,8,46,+0.546763877775582
W.D.,⏑⏑–⏑⏑–,2,3,-0.64888568452305
W.D.,⏑⏑–⏑⏑–,6,5,+0.811107105653813
W.D.,⏑⏑–⏑⏑–,8,1,-2.10887847469991
W.D.,⏑⏑–⏑⏑––,8,3,
W.D.,⏑⏑–⏑⏑–⏑,6,2,
